{"type":"FeatureCollection","features":[{"type":"Feature","properties":{"cd":"POI001","nm":"강남 MICE 관광특구","cat":"관광특구","lon":127.060061,"lat":37.510999},"geometry":{"type":"Polygon","coordinates":[[[127.06028,37.5139],[127.0604,37.51385],[127.06157,37.51171],[127.06289,37.50928],[127.06257,37.50867],[127.06002,37.50789],[127.05992,37.50793],[127.05858,37.51038],[127.05701,37.51327],[127.05706,37.51335],[127.06028,37.5139]]]}},{"type":"Feature","properties":{"cd":"POI002","nm":"동대문 관광특구","cat":"관광특구","lon":127.011023,"lat":37.567311},"geometry":{"type":"Polygon","coordinates":[[[127.01759,37.5695],[127.01772,37.56938],[127.01773,37.56921],[127.01775,37.56895],[127.018,37.56576],[127.0178,37.56556],[127.01765,37.56555],[127.01612,37.56536],[127.0125,37.56499],[127.01095,37.56474],[127.00986,37.56457],[127.00926,37.56462],[127.00901,37.56459],[127.00868,37.56466],[127.0081,37.5648],[127.00656,37.565],[127.0049,37.56487],[127.00471,37.56485],[127.00471,37.56485],[127.00467,37.56487],[127.00466,37.56488],[127.00462,37.5649],[127.00462,37.5649],[127.00462,37.5649],[127.00459,37.56528],[127.00458,37.56535],[127.00455,37.56536],[127.00456,37.56543],[127.00457,37.56547],[127.00456,37.56556],[127.0045,37.56634],[127.00449,37.56634],[127.00447,37.56634],[127.0045,37.56638],[127.0045,37.56638],[127.0045,37.56638],[127.00448,37.56641],[127.00449,37.56641],[127.00428,37.56895],[127.00428,37.56901],[127.00429,37.56903],[127.00434,37.56906],[127.0044,37.56918],[127.00442,37.56923],[127.00442,37.56924],[127.00446,37.56933],[127.00446,37.56934],[127.00446,37.56935],[127.00447,37.56938],[127.00448,37.56941],[127.00449,37.56942],[127.00451,37.56949],[127.00452,37.56952],[127.00453,37.56954],[127.00485,37.56955],[127.00514,37.56954],[127.00522,37.56955],[127.00845,37.56956],[127.00859,37.56956],[127.01016,37.56966],[127.01167,37.56976],[127.0171,37.56965],[127.01759,37.5695]]]}},{"type":"Feature","properties":{"cd":"POI003","nm":"명동 관광특구","cat":"관광특구","lon":126.981851,"lat":37.564149},"geometry":{"type":"Polygon","coordinates":[[[126.97601,37.56067],[126.97602,37.56068],[126.97601,37.56079],[126.97606,37.56088],[126.97669,37.56255],[126.97733,37.56421],[126.97749,37.56461],[126.97811,37.5656],[126.97766,37.56579],[126.97723,37.56625],[126.97724,37.56645],[126.97718,37.56655],[126.97719,37.56669],[126.97742,37.56669],[126.97741,37.56711],[126.97734,37.56865],[126.97735,37.56906],[126.97734,37.56925],[126.97762,37.56929],[126.97819,37.56917],[126.9787,37.56911],[126.97958,37.56907],[126.97991,37.56903],[126.98015,37.56902],[126.98059,37.56899],[126.981,37.56897],[126.98142,37.569],[126.98169,37.56901],[126.98202,37.56906],[126.98237,37.56905],[126.98261,37.56902],[126.9827,37.56902],[126.98322,37.56891],[126.9838,37.56879],[126.98393,37.56876],[126.98439,37.56864],[126.98527,37.56848],[126.98628,37.5683],[126.98666,37.56823],[126.98665,37.56807],[126.98716,37.56802],[126.98739,37.56802],[126.98739,37.56795],[126.98748,37.56791],[126.98747,37.56784],[126.9874,37.56782],[126.98736,37.56712],[126.98733,37.56638],[126.98744,37.56621],[126.98763,37.56602],[126.98763,37.56597],[126.98761,37.56597],[126.9876,37.56593],[126.98761,37.56593],[126.98761,37.56591],[126.98759,37.56591],[126.98759,37.5659],[126.98763,37.56589],[126.98764,37.56579],[126.98763,37.56579],[126.98763,37.56579],[126.98758,37.56577],[126.98754,37.56575],[126.9875,37.56573],[126.9875,37.56574],[126.98743,37.56571],[126.98739,37.56568],[126.98739,37.56568],[126.98739,37.56553],[126.9874,37.56537],[126.9874,37.5649],[126.9874,37.56478],[126.98735,37.56474],[126.98736,37.56468],[126.98738,37.56457],[126.98748,37.56453],[126.98763,37.56413],[126.98799,37.56362],[126.98829,37.56321],[126.98852,37.56283],[126.98856,37.56274],[126.98865,37.56245],[126.98869,37.56217],[126.98869,37.56213],[126.98871,37.56214],[126.9888,37.56142],[126.98879,37.56141],[126.98877,37.56138],[126.98873,37.56133],[126.98861,37.56132],[126.98821,37.56129],[126.98691,37.56117],[126.98663,37.56115],[126.98507,37.56097],[126.9847,37.56093],[126.98343,37.56083],[126.98228,37.56075],[126.98213,37.56073],[126.9819,37.56066],[126.98196,37.56053],[126.98195,37.56046],[126.9816,37.56032],[126.98116,37.56001],[126.98107,37.56007],[126.9804,37.55985],[126.98017,37.55986],[126.98001,37.55986],[126.97984,37.5596],[126.97959,37.55954],[126.97908,37.55936],[126.97862,37.55911],[126.97822,37.55877],[126.97781,37.55832],[126.97739,37.55802],[126.97714,37.5579],[126.97651,37.55768],[126.97617,37.55844],[126.97583,37.55873],[126.97565,37.55893],[126.97563,37.55912],[126.97564,37.55927],[126.9758,37.55947],[126.97594,37.55963],[126.97604,37.55986],[126.97599,37.56022],[126.97605,37.56032],[126.97608,37.56056],[126.97601,37.56067]]]}},{"type":"Feature","properties":{"cd":"POI004","nm":"이태원 관광특구","cat":"관광특구","lon":126.994377,"lat":37.534439},"geometry":{"type":"Polygon","coordinates":[[[126.99125,37.5303],[126.99121,37.53024],[126.99115,37.53024],[126.99082,37.53069],[126.99081,37.5307],[126.98817,37.5343],[126.98813,37.53436],[126.98806,37.53447],[126.98826,37.53499],[126.98829,37.53502],[126.98827,37.53503],[126.98829,37.53507],[126.98836,37.5351],[126.98859,37.53507],[126.98879,37.53504],[126.98913,37.53525],[126.98922,37.53529],[126.98925,37.53532],[126.98944,37.53554],[126.98954,37.53559],[126.98955,37.5356],[126.9896,37.53562],[126.98965,37.53563],[126.98971,37.53568],[126.98973,37.53569],[126.98977,37.53573],[126.98982,37.53576],[126.98993,37.53586],[126.98992,37.53587],[126.98997,37.5359],[126.99001,37.53594],[126.99006,37.53602],[126.9906,37.5361],[126.99069,37.53613],[126.99089,37.53622],[126.99091,37.53623],[126.99102,37.53631],[126.99118,37.53659],[126.99123,37.5366],[126.99153,37.53649],[126.99164,37.53647],[126.9917,37.53642],[126.9918,37.53641],[126.99188,37.53637],[126.99211,37.53626],[126.9922,37.53624],[126.99229,37.53623],[126.9924,37.53622],[126.99239,37.53614],[126.9923,37.5361],[126.9923,37.53609],[126.99226,37.53596],[126.99228,37.53589],[126.99221,37.5358],[126.99221,37.53574],[126.99223,37.53569],[126.99213,37.53561],[126.99213,37.5356],[126.99234,37.53551],[126.99246,37.53543],[126.99283,37.53533],[126.99327,37.53541],[126.99351,37.53545],[126.99414,37.5355],[126.99428,37.5354],[126.99434,37.53537],[126.99443,37.53534],[126.99456,37.53532],[126.99502,37.53532],[126.99507,37.5353],[126.9951,37.53528],[126.99517,37.53521],[126.99527,37.5351],[126.99538,37.53515],[126.99569,37.53522],[126.99636,37.53525],[126.99639,37.53523],[126.9966,37.53522],[126.99673,37.53523],[126.99677,37.53523],[126.99678,37.53523],[126.9972,37.53531],[126.9974,37.53534],[126.99758,37.53538],[126.9976,37.53539],[126.99765,37.5354],[126.99775,37.53544],[126.99793,37.53552],[126.99794,37.53553],[126.99815,37.53567],[126.99827,37.53574],[126.99846,37.53584],[126.99862,37.53596],[126.99877,37.5361],[126.99895,37.53627],[126.99905,37.53634],[126.99914,37.53642],[126.99918,37.53645],[126.99918,37.53646],[126.99923,37.5365],[126.99924,37.53651],[126.9995,37.53678],[126.99988,37.53717],[126.99998,37.53729],[127.00022,37.53761],[127.00041,37.53787],[127.00055,37.53805],[127.00058,37.53811],[127.0006,37.5382],[127.00062,37.53828],[127.00066,37.53832],[127.00078,37.53836],[127.00085,37.53837],[127.00138,37.53837],[127.00143,37.53853],[127.00173,37.53846],[127.00174,37.53851],[127.00178,37.53868],[127.0018,37.53879],[127.00182,37.53894],[127.00271,37.53888],[127.00264,37.5386],[127.0026,37.53844],[127.00254,37.53809],[127.00252,37.538],[127.0024,37.53786],[127.00221,37.53767],[127.00221,37.53745],[127.00189,37.53703],[127.00186,37.53702],[127.0018,37.53695],[127.00165,37.53688],[127.00135,37.53644],[127.00109,37.53606],[127.00105,37.536],[127.00097,37.53594],[127.00084,37.53588],[127.00083,37.53586],[127.00028,37.5356],[127.00021,37.53562],[127.00014,37.53559],[127.00025,37.53545],[127.0005,37.53513],[127.00065,37.53496],[127.00066,37.53494],[127.00068,37.53491],[127.00069,37.53488],[127.00068,37.53483],[127.00066,37.53479],[127.0006,37.5347],[127.00043,37.53448],[127.00027,37.53459],[127.00012,37.53467],[126.99982,37.53482],[126.99973,37.5347],[126.99955,37.53447],[126.99949,37.53445],[126.99889,37.5345],[126.99885,37.53453],[126.99884,37.53457],[126.99883,37.5346],[126.99882,37.53463],[126.99879,37.53466],[126.99877,37.53466],[126.99876,37.53467],[126.99872,37.53469],[126.99868,37.53469],[126.99864,37.53469],[126.99859,37.53467],[126.99848,37.53461],[126.99825,37.53447],[126.99785,37.5344],[126.99778,37.5344],[126.99771,37.53436],[126.99769,37.53432],[126.99768,37.5343],[126.9977,37.53424],[126.99774,37.5342],[126.99782,37.53403],[126.99781,37.53398],[126.99779,37.53395],[126.99778,37.53392],[126.99777,37.53388],[126.99777,37.53386],[126.99777,37.53382],[126.99777,37.53377],[126.99778,37.53375],[126.99781,37.53369],[126.99802,37.53346],[126.99803,37.53344],[126.99796,37.53334],[126.99793,37.53331],[126.9979,37.53328],[126.99787,37.53325],[126.99786,37.53323],[126.99784,37.5332],[126.99782,37.53316],[126.99776,37.53313],[126.99762,37.53316],[126.99734,37.53323],[126.99728,37.53326],[126.99724,37.53327],[126.9971,37.53328],[126.99704,37.5333],[126.997,37.5333],[126.99694,37.53331],[126.99678,37.53331],[126.99659,37.53328],[126.99631,37.53322],[126.99599,37.53317],[126.99589,37.53315],[126.99589,37.53315],[126.99583,37.53315],[126.99581,37.53315],[126.99575,37.53316],[126.99572,37.53316],[126.99568,37.53317],[126.99566,37.53318],[126.99563,37.53319],[126.99543,37.5332],[126.99428,37.53315],[126.99453,37.53258],[126.99462,37.53227],[126.9947,37.53208],[126.99471,37.53205],[126.99474,37.53198],[126.99474,37.53196],[126.99476,37.53193],[126.99482,37.53182],[126.99487,37.53176],[126.99486,37.53175],[126.99484,37.5317],[126.99475,37.53161],[126.99449,37.53159],[126.9943,37.53158],[126.99422,37.53157],[126.99419,37.53157],[126.99394,37.53156],[126.99379,37.53156],[126.99372,37.53159],[126.99363,37.53162],[126.99333,37.53171],[126.99312,37.53177],[126.99291,37.53181],[126.9922,37.53199],[126.99206,37.53194],[126.99185,37.53181],[126.99176,37.5317],[126.99168,37.53162],[126.99165,37.53157],[126.99163,37.53154],[126.99153,37.53141],[126.9914,37.53096],[126.99139,37.53091],[126.99136,37.5308],[126.99133,37.53069],[126.99125,37.5303]]]}},{"type":"Feature","properties":{"cd":"POI005","nm":"잠실 관광특구","cat":"관광특구","lon":127.115274,"lat":37.516479},"geometry":{"type":"Polygon","coordinates":[[[127.09307,37.51051],[127.09272,37.5115],[127.09291,37.51172],[127.09562,37.51199],[127.09592,37.51203],[127.09612,37.51206],[127.09617,37.51207],[127.09642,37.51212],[127.09898,37.51275],[127.10116,37.51339],[127.1012,37.5134],[127.1012,37.51341],[127.10156,37.51353],[127.10515,37.51475],[127.10619,37.51511],[127.107,37.51538],[127.11185,37.51703],[127.11227,37.51717],[127.11256,37.51717],[127.11755,37.52525],[127.11781,37.52532],[127.11792,37.5253],[127.11809,37.52528],[127.11826,37.52526],[127.11843,37.52524],[127.11845,37.52524],[127.1186,37.52524],[127.11866,37.52524],[127.11877,37.52523],[127.11882,37.52524],[127.1189,37.52524],[127.11894,37.52524],[127.11906,37.52525],[127.1191,37.52525],[127.11928,37.52527],[127.11944,37.52529],[127.1196,37.52532],[127.11976,37.52536],[127.11997,37.52542],[127.12064,37.52561],[127.12074,37.52564],[127.12094,37.5257],[127.12115,37.52575],[127.12135,37.52581],[127.12147,37.52583],[127.12147,37.52583],[127.12153,37.52584],[127.12165,37.52586],[127.1217,37.52587],[127.12187,37.52589],[127.12204,37.52591],[127.1222,37.52591],[127.12238,37.52591],[127.12255,37.5259],[127.12272,37.52589],[127.12274,37.52588],[127.12281,37.52587],[127.12282,37.52587],[127.12294,37.52584],[127.12294,37.52583],[127.12295,37.52583],[127.12295,37.52583],[127.12296,37.52583],[127.12296,37.52583],[127.123,37.52581],[127.12868,37.5233],[127.12776,37.52307],[127.12797,37.52201],[127.12797,37.522],[127.12858,37.52107],[127.12874,37.52069],[127.12878,37.5206],[127.12889,37.52035],[127.12893,37.52028],[127.129,37.52012],[127.12906,37.51994],[127.12912,37.51975],[127.12918,37.51945],[127.12931,37.51874],[127.12935,37.51861],[127.12941,37.51845],[127.12949,37.51831],[127.12959,37.51818],[127.12965,37.51812],[127.12966,37.51811],[127.12971,37.51806],[127.12984,37.51796],[127.12998,37.51787],[127.13041,37.51767],[127.13095,37.51743],[127.12792,37.51246],[127.12786,37.51242],[127.12774,37.51237],[127.12768,37.51236],[127.12762,37.51234],[127.12756,37.51234],[127.1275,37.51233],[127.12743,37.51233],[127.12742,37.51233],[127.12311,37.5141],[127.11584,37.5167],[127.11458,37.51469],[127.11182,37.51577],[127.11033,37.51526],[127.1105,37.51484],[127.11034,37.51457],[127.11004,37.51469],[127.10917,37.5144],[127.10967,37.51325],[127.10857,37.51156],[127.10905,37.51137],[127.10887,37.51108],[127.10804,37.51142],[127.1045,37.50865],[127.10479,37.50833],[127.10465,37.50822],[127.10286,37.50747],[127.09968,37.50612],[127.09852,37.50595],[127.09722,37.50584],[127.09729,37.50671],[127.09751,37.51006],[127.09329,37.51037],[127.09307,37.51051]]]}},{"type":"Feature","properties":{"cd":"POI006","nm":"종로·청계 관광특구","cat":"관광특구","lon":126.99737,"lat":37.570002},"geometry":{"type":"Polygon","coordinates":[[[126.97758,37.57008],[126.97758,37.57008],[126.97759,37.57021],[126.97763,37.57021],[126.97762,37.57027],[126.97776,37.57027],[126.98325,37.57023],[126.98477,37.57024],[126.98786,37.57026],[126.98804,37.5702],[126.99115,37.57038],[126.99281,37.57043],[126.99779,37.57074],[127.00163,37.57095],[127.00921,37.57108],[127.00923,37.57122],[127.01084,37.57176],[127.01413,37.57254],[127.01435,37.57267],[127.01511,37.57291],[127.01556,37.57305],[127.01563,37.57261],[127.01555,37.57201],[127.01555,37.57196],[127.01555,37.57181],[127.01556,37.57169],[127.01556,37.57144],[127.01555,37.57144],[127.01556,37.57142],[127.01556,37.57142],[127.01555,37.57135],[127.01555,37.57134],[127.01556,37.57131],[127.01557,37.57127],[127.01557,37.57127],[127.01557,37.57123],[127.01557,37.57116],[127.01558,37.57108],[127.01559,37.57102],[127.01561,37.57102],[127.01561,37.571],[127.01559,37.571],[127.01559,37.57095],[127.01559,37.57093],[127.01561,37.57093],[127.01562,37.57087],[127.0156,37.57086],[127.01561,37.57065],[127.01563,37.57065],[127.01563,37.57062],[127.01563,37.5706],[127.01563,37.57055],[127.01565,37.57032],[127.01566,37.57026],[127.01566,37.57023],[127.01565,37.57017],[127.01566,37.57009],[127.01564,37.57007],[127.01553,37.56998],[127.01539,37.56997],[127.0149,37.56997],[127.01461,37.56996],[127.01409,37.56996],[127.01357,37.56996],[127.01269,37.56996],[127.01207,37.56996],[127.01136,37.56996],[127.01122,37.56996],[127.0106,37.56992],[127.01019,37.56993],[127.01,37.56992],[127.00995,37.56992],[127.00975,37.56988],[127.00924,37.56989],[127.00891,37.56986],[127.00853,37.56985],[127.00749,37.56979],[127.00714,37.56978],[127.00706,37.56979],[127.00697,37.5698],[127.0069,37.5698],[127.00687,37.56982],[127.00675,37.56981],[127.00667,37.56978],[127.00658,37.56976],[127.00607,37.56974],[127.0051,37.56973],[127.00445,37.56973],[127.00415,37.56971],[127.00359,37.5697],[127.00284,37.5697],[127.00263,37.56968],[127.00211,37.5697],[127.00151,37.56965],[127.00146,37.56964],[127.00133,37.56961],[127.0012,37.56954],[127.00075,37.56947],[126.99882,37.56907],[126.99791,37.56893],[126.99779,37.5689],[126.99633,37.56871],[126.99631,37.56869],[126.99627,37.56869],[126.99625,37.5687],[126.99509,37.56861],[126.99367,37.56849],[126.99333,37.56849],[126.99226,37.56839],[126.99143,37.56829],[126.99014,37.56819],[126.98962,37.56815],[126.98943,37.56815],[126.98925,37.56815],[126.98903,37.56813],[126.98884,37.56813],[126.98861,37.56814],[126.98763,37.5682],[126.98741,37.5682],[126.9871,37.56823],[126.9866,37.56828],[126.98623,37.56832],[126.98594,37.56837],[126.98539,37.56849],[126.98538,37.56849],[126.98447,37.56864],[126.98387,37.56875],[126.98388,37.56878],[126.98377,37.5688],[126.98377,37.56877],[126.98314,37.5689],[126.9831,37.5689],[126.98282,37.56895],[126.98273,37.56896],[126.98266,37.56899],[126.9823,37.56903],[126.98198,37.56903],[126.98186,37.56902],[126.98141,37.56897],[126.98113,37.56897],[126.98094,37.56896],[126.98049,37.56897],[126.97955,37.56904],[126.97949,37.56904],[126.97931,37.56905],[126.97927,37.56906],[126.97917,37.56906],[126.97887,37.56908],[126.97882,37.56909],[126.97852,37.56911],[126.97844,37.56911],[126.97832,37.56912],[126.97825,37.56912],[126.97811,37.56914],[126.97808,37.56914],[126.97804,37.56915],[126.97788,37.56916],[126.9776,37.56924],[126.97763,37.56926],[126.97753,37.56931],[126.97751,37.57007],[126.97753,37.57008],[126.97758,37.57008]]]}},{"type":"Feature","properties":{"cd":"POI007","nm":"홍대 관광특구","cat":"관광특구","lon":126.921276,"lat":37.553919},"geometry":{"type":"Polygon","coordinates":[[[126.91503,37.55011],[126.91507,37.55014],[126.91511,37.55017],[126.91519,37.55023],[126.91526,37.55028],[126.91531,37.55032],[126.91546,37.55044],[126.91547,37.55044],[126.91558,37.55052],[126.91568,37.5506],[126.91572,37.55062],[126.9158,37.55068],[126.91591,37.55077],[126.91594,37.55079],[126.91603,37.55086],[126.91606,37.55088],[126.9162,37.55098],[126.91662,37.5513],[126.91667,37.55134],[126.91701,37.55159],[126.91705,37.55161],[126.9173,37.5518],[126.91745,37.55191],[126.91755,37.55199],[126.91766,37.55207],[126.91789,37.55224],[126.91796,37.55229],[126.91808,37.55238],[126.91821,37.55247],[126.91849,37.55268],[126.91872,37.55285],[126.91878,37.5529],[126.91894,37.55302],[126.91909,37.55313],[126.91924,37.55324],[126.91939,37.55335],[126.91972,37.5536],[126.91978,37.55365],[126.91989,37.55373],[126.92,37.5538],[126.92007,37.55385],[126.92019,37.55394],[126.92032,37.55404],[126.92037,37.55408],[126.9206,37.55425],[126.92071,37.55433],[126.92081,37.55441],[126.92092,37.55449],[126.9212,37.5547],[126.9214,37.55484],[126.92152,37.55494],[126.92183,37.55516],[126.92193,37.55524],[126.92209,37.55535],[126.92228,37.5555],[126.92241,37.55559],[126.92258,37.55572],[126.92272,37.55582],[126.92275,37.55585],[126.92288,37.55595],[126.92295,37.55599],[126.92322,37.5562],[126.92333,37.55628],[126.92346,37.55637],[126.92359,37.55647],[126.92367,37.55653],[126.92381,37.55663],[126.92381,37.55664],[126.92395,37.55674],[126.92409,37.55685],[126.92419,37.55692],[126.92428,37.55698],[126.92432,37.55701],[126.9244,37.55707],[126.9246,37.55722],[126.92474,37.55732],[126.92493,37.55746],[126.92504,37.55755],[126.9251,37.55759],[126.92518,37.55765],[126.92524,37.5577],[126.9253,37.55774],[126.92542,37.55783],[126.92549,37.55788],[126.92554,37.55792],[126.92561,37.55797],[126.92564,37.55799],[126.92571,37.55805],[126.92581,37.55812],[126.92592,37.5582],[126.92597,37.55824],[126.92607,37.55831],[126.92623,37.55843],[126.92624,37.55844],[126.92635,37.55844],[126.92663,37.55847],[126.92681,37.55849],[126.9269,37.5585],[126.92697,37.55851],[126.92709,37.55852],[126.92724,37.55847],[126.92758,37.55834],[126.92766,37.55831],[126.92788,37.55823],[126.92811,37.55815],[126.92814,37.55814],[126.92871,37.55793],[126.92879,37.5579],[126.92897,37.55783],[126.92898,37.55783],[126.92919,37.55775],[126.92942,37.55767],[126.92963,37.55759],[126.92978,37.55754],[126.93007,37.55743],[126.93009,37.55742],[126.93028,37.55735],[126.93041,37.5573],[126.93061,37.55723],[126.93072,37.55719],[126.93087,37.55713],[126.93099,37.55709],[126.931,37.55709],[126.93103,37.55707],[126.9311,37.55705],[126.93111,37.55705],[126.93121,37.55701],[126.93127,37.55699],[126.93131,37.55697],[126.93147,37.55691],[126.93164,37.55685],[126.93016,37.55484],[126.93002,37.55467],[126.92982,37.55448],[126.92911,37.554],[126.92881,37.55379],[126.92853,37.55367],[126.92743,37.55343],[126.92685,37.5533],[126.9266,37.55325],[126.92636,37.55322],[126.92563,37.55332],[126.92552,37.55332],[126.92542,37.5533],[126.92426,37.55286],[126.92433,37.55279],[126.92427,37.55271],[126.92429,37.55268],[126.92428,37.55254],[126.92427,37.55242],[126.92423,37.55234],[126.92423,37.55234],[126.92419,37.55227],[126.92414,37.55229],[126.92412,37.55225],[126.92404,37.55209],[126.92405,37.55207],[126.92409,37.55183],[126.9242,37.55155],[126.9242,37.55153],[126.92422,37.55142],[126.92423,37.55128],[126.92422,37.55114],[126.92425,37.55114],[126.92426,37.55106],[126.92425,37.55092],[126.92425,37.5509],[126.92424,37.55086],[126.92421,37.55062],[126.92421,37.55058],[126.92417,37.55056],[126.92414,37.55054],[126.92403,37.55049],[126.9239,37.55041],[126.92387,37.5504],[126.92376,37.55034],[126.92356,37.55023],[126.92354,37.55022],[126.9234,37.55015],[126.92319,37.55003],[126.92318,37.55004],[126.92306,37.54997],[126.92298,37.54802],[126.92298,37.54786],[126.92275,37.54787],[126.92269,37.54787],[126.92261,37.54788],[126.92256,37.54788],[126.92247,37.54788],[126.9224,37.54789],[126.9222,37.54789],[126.92211,37.54789],[126.92204,37.5479],[126.92195,37.5479],[126.92189,37.5479],[126.92189,37.54788],[126.92184,37.54788],[126.92184,37.5479],[126.92177,37.54791],[126.92171,37.54791],[126.92158,37.54792],[126.92156,37.54791],[126.92156,37.54789],[126.92149,37.54789],[126.92142,37.5479],[126.92136,37.5479],[126.92129,37.5479],[126.92129,37.54792],[126.92125,37.54792],[126.92116,37.54793],[126.92116,37.54792],[126.92114,37.5479],[126.92103,37.54791],[126.92091,37.54791],[126.92082,37.54791],[126.92079,37.54792],[126.92076,37.54792],[126.92063,37.54792],[126.9206,37.54792],[126.92061,37.54795],[126.92053,37.54795],[126.92045,37.54795],[126.92044,37.54793],[126.92041,37.54793],[126.92033,37.54793],[126.92026,37.54793],[126.92,37.54795],[126.91993,37.54795],[126.91974,37.54796],[126.91912,37.54798],[126.91901,37.54799],[126.9189,37.54799],[126.91888,37.54799],[126.91877,37.548],[126.91874,37.548],[126.91866,37.548],[126.9185,37.54801],[126.9184,37.54801],[126.91838,37.54801],[126.91781,37.54813],[126.91772,37.54815],[126.91735,37.54823],[126.91696,37.54831],[126.91645,37.54841],[126.91636,37.54843],[126.91605,37.54849],[126.91575,37.54856],[126.91575,37.54856],[126.91561,37.54859],[126.9154,37.54863],[126.91492,37.54873],[126.91484,37.54875],[126.91466,37.54879],[126.91448,37.54882],[126.91439,37.54884],[126.91434,37.54885],[126.91407,37.54891],[126.91367,37.54899],[126.91364,37.54908],[126.91364,37.54908],[126.91364,37.54908],[126.91353,37.54901],[126.91342,37.54895],[126.91326,37.54898],[126.91326,37.54899],[126.91321,37.54915],[126.91312,37.54946],[126.91309,37.54956],[126.91302,37.54977],[126.91299,37.54986],[126.91293,37.55007],[126.91282,37.55043],[126.9128,37.55051],[126.9128,37.55052],[126.91277,37.55062],[126.91268,37.5509],[126.91262,37.55112],[126.91252,37.55143],[126.91252,37.55143],[126.91247,37.5516],[126.91243,37.55172],[126.91241,37.55178],[126.91238,37.55188],[126.91238,37.55188],[126.91227,37.55224],[126.91226,37.55228],[126.91225,37.5523],[126.91223,37.55238],[126.9122,37.55247],[126.91216,37.55259],[126.91213,37.55269],[126.91212,37.55273],[126.91212,37.55275],[126.91211,37.55278],[126.91208,37.55287],[126.91208,37.55287],[126.91172,37.55404],[126.91168,37.55419],[126.9117,37.55424],[126.91191,37.55429],[126.91222,37.55434],[126.91232,37.55436],[126.91247,37.55438],[126.91275,37.55443],[126.91276,37.55443],[126.91284,37.55445],[126.91321,37.55451],[126.91362,37.55458],[126.91364,37.55459],[126.91365,37.55459],[126.9137,37.5546],[126.91376,37.55461],[126.91386,37.55463],[126.9143,37.5547],[126.91447,37.55473],[126.91466,37.55477],[126.91501,37.55482],[126.91511,37.55484],[126.91515,37.55484],[126.91564,37.55492],[126.91576,37.55494],[126.91601,37.55499],[126.91617,37.55501],[126.91641,37.55505],[126.91649,37.55507],[126.91656,37.55508],[126.91673,37.55511],[126.91718,37.55519],[126.91738,37.55522],[126.91762,37.55526],[126.91783,37.5553],[126.91785,37.5553],[126.91795,37.55532],[126.918,37.55533],[126.91806,37.55534],[126.91851,37.55541],[126.91863,37.55543],[126.91872,37.55546],[126.91873,37.55546],[126.91881,37.55548],[126.91908,37.55557],[126.91909,37.55557],[126.91909,37.55557],[126.91912,37.55558],[126.91935,37.55566],[126.91941,37.55567],[126.91954,37.55571],[126.91991,37.55583],[126.91992,37.55583],[126.92014,37.5559],[126.92039,37.55597],[126.92055,37.55602],[126.92041,37.55613],[126.92003,37.55645],[126.92,37.55648],[126.91987,37.55659],[126.9196,37.55683],[126.91939,37.55701],[126.91929,37.55711],[126.91888,37.55745],[126.91879,37.55754],[126.91891,37.55762],[126.91895,37.55765],[126.91934,37.55791],[126.91978,37.55821],[126.9199,37.55829],[126.92057,37.55875],[126.92123,37.5592],[126.92156,37.55942],[126.9216,37.55945],[126.92174,37.55955],[126.92251,37.56007],[126.9227,37.5602],[126.92287,37.56031],[126.92319,37.56053],[126.92327,37.56059],[126.92327,37.56059],[126.92341,37.56043],[126.92369,37.56008],[126.92377,37.55998],[126.92379,37.56001],[126.92381,37.56005],[126.92383,37.56007],[126.92384,37.56007],[126.92385,37.56008],[126.92387,37.56015],[126.92387,37.56015],[126.92391,37.56014],[126.92394,37.56027],[126.92395,37.56029],[126.92396,37.56036],[126.92396,37.56038],[126.92397,37.56055],[126.92397,37.56055],[126.92399,37.56061],[126.92403,37.56071],[126.92404,37.56072],[126.92405,37.56075],[126.92407,37.56079],[126.92413,37.56086],[126.92414,37.56089],[126.92423,37.56086],[126.92425,37.56086],[126.92425,37.56086],[126.9244,37.56081],[126.92451,37.56079],[126.92457,37.56077],[126.9246,37.56077],[126.9246,37.56077],[126.92462,37.56076],[126.92464,37.56071],[126.92465,37.56069],[126.92467,37.56066],[126.92474,37.56063],[126.92475,37.56063],[126.92475,37.56063],[126.92476,37.56063],[126.92478,37.56061],[126.9248,37.5606],[126.92487,37.56058],[126.92488,37.56058],[126.92489,37.56058],[126.92489,37.56057],[126.92491,37.56055],[126.92495,37.56052],[126.92496,37.56051],[126.92497,37.56051],[126.92506,37.56045],[126.92513,37.56043],[126.92514,37.56043],[126.92514,37.56043],[126.92522,37.56041],[126.92525,37.5604],[126.92526,37.5604],[126.92529,37.5604],[126.92539,37.56039],[126.92539,37.56039],[126.92548,37.56039],[126.92553,37.56038],[126.92553,37.56038],[126.92553,37.56038],[126.92558,37.56041],[126.92559,37.56042],[126.92561,37.56045],[126.92561,37.56045],[126.92562,37.56047],[126.92564,37.56051],[126.92566,37.56054],[126.92567,37.56056],[126.92568,37.56059],[126.92573,37.56067],[126.92574,37.56069],[126.92575,37.5607],[126.92575,37.56072],[126.9258,37.56081],[126.92582,37.56084],[126.92584,37.56089],[126.92585,37.5609],[126.92585,37.5609],[126.92586,37.56091],[126.92593,37.56097],[126.92602,37.56106],[126.92604,37.56108],[126.92606,37.56109],[126.92607,37.5611],[126.92617,37.56117],[126.92625,37.56123],[126.92626,37.56124],[126.92628,37.56125],[126.92635,37.56131],[126.92636,37.56131],[126.92644,37.56138],[126.9265,37.56142],[126.92653,37.56144],[126.92656,37.56146],[126.92667,37.56152],[126.92675,37.56156],[126.92678,37.56158],[126.92679,37.56159],[126.9268,37.56159],[126.92692,37.56166],[126.92694,37.56167],[126.92698,37.56171],[126.92709,37.56177],[126.92716,37.56178],[126.92717,37.56178],[126.92719,37.56179],[126.92719,37.56179],[126.92719,37.56179],[126.92718,37.56179],[126.92717,37.56177],[126.92712,37.5617],[126.92706,37.56161],[126.92699,37.5615],[126.92695,37.56144],[126.92694,37.56144],[126.92694,37.56144],[126.92693,37.56142],[126.92689,37.56136],[126.92685,37.56128],[126.92684,37.56127],[126.92681,37.5612],[126.92677,37.56111],[126.92676,37.56107],[126.92672,37.56097],[126.92672,37.56094],[126.92671,37.56091],[126.92671,37.5609],[126.9267,37.56083],[126.92669,37.56081],[126.92668,37.56074],[126.92667,37.56068],[126.92666,37.56063],[126.92667,37.56066],[126.92667,37.56065],[126.92667,37.56061],[126.92668,37.56057],[126.92668,37.56057],[126.92668,37.5605],[126.92666,37.56041],[126.92661,37.55964],[126.9266,37.55945],[126.9266,37.55892],[126.92659,37.55885],[126.92619,37.55866],[126.92584,37.55839],[126.92581,37.55837],[126.92578,37.55835],[126.92569,37.55828],[126.92568,37.55828],[126.92568,37.55828],[126.92566,37.55826],[126.9255,37.55814],[126.92497,37.55775],[126.92495,37.55773],[126.9249,37.55769],[126.92488,37.55768],[126.9241,37.5571],[126.92409,37.5571],[126.92355,37.5567],[126.92276,37.55611],[126.92272,37.55607],[126.92173,37.55534],[126.92152,37.55519],[126.92136,37.55508],[126.92073,37.5546],[126.91991,37.55399],[126.91988,37.55397],[126.91915,37.55344],[126.91873,37.55312],[126.9185,37.55295],[126.91832,37.55282],[126.91819,37.55272],[126.91811,37.55267],[126.91789,37.5525],[126.91711,37.55191],[126.91703,37.55185],[126.91686,37.55172],[126.91676,37.55164],[126.91667,37.55158],[126.91663,37.55155],[126.91649,37.55145],[126.91605,37.55113],[126.91588,37.551],[126.91582,37.55095],[126.9156,37.55079],[126.91556,37.55075],[126.91555,37.55075],[126.91508,37.55041],[126.91454,37.55002],[126.9143,37.54985],[126.91401,37.54965],[126.91401,37.54965],[126.91417,37.54947],[126.91417,37.54947],[126.91431,37.54957],[126.91447,37.54969],[126.9145,37.54972],[126.9146,37.54979],[126.91468,37.54985],[126.91473,37.54988],[126.91477,37.54991],[126.91481,37.54995],[126.91484,37.54997],[126.91491,37.55002],[126.91497,37.55006],[126.91503,37.55011]]]}},{"type":"Feature","properties":{"cd":"POI008","nm":"경복궁","cat":"고궁·문화유산","lon":126.976764,"lat":37.579876},"geometry":{"type":"Polygon","coordinates":[[[126.97423,37.57592],[126.97381,37.57954],[126.97373,37.58087],[126.9736,37.58355],[126.9736,37.58358],[126.97387,37.58349],[126.97431,37.58355],[126.9753,37.5837],[126.97669,37.58374],[126.97862,37.58351],[126.97929,37.58339],[126.97944,37.58332],[126.97967,37.58317],[126.97985,37.58294],[126.98003,37.58267],[126.9801,37.58247],[126.98013,37.58219],[126.98012,37.58188],[126.98012,37.58127],[126.98011,37.58102],[126.97961,37.57942],[126.97954,37.57919],[126.97951,37.57895],[126.97944,37.57833],[126.97939,37.57642],[126.97894,37.5759],[126.97685,37.5757],[126.97423,37.57592]]]}},{"type":"Feature","properties":{"cd":"POI010","nm":"보신각","cat":"고궁·문화유산","lon":126.983415,"lat":37.570586},"geometry":{"type":"Polygon","coordinates":[[[126.98053,37.57169],[126.9809,37.57182],[126.9811,37.57199],[126.98123,37.57229],[126.98301,37.57204],[126.98498,37.57249],[126.98539,37.57268],[126.98556,37.5724],[126.98573,37.57242],[126.98588,37.57207],[126.98578,37.57205],[126.98587,37.57174],[126.98563,37.57161],[126.9857,37.57016],[126.98568,37.56847],[126.9844,37.56873],[126.9844,37.56873],[126.9831,37.56898],[126.9826,37.56903],[126.98265,37.56902],[126.981,37.56916],[126.9807,37.57027],[126.98103,37.57029],[126.981,37.57061],[126.98053,37.57169]]]}},{"type":"Feature","properties":{"cd":"POI011","nm":"서울 암사동 유적","cat":"고궁·문화유산","lon":127.130763,"lat":37.560633},"geometry":{"type":"Polygon","coordinates":[[[127.13025,37.55872],[127.13002,37.5588],[127.12989,37.55885],[127.12972,37.55891],[127.12954,37.55897],[127.12923,37.55909],[127.12905,37.55915],[127.12873,37.55927],[127.12862,37.55931],[127.12852,37.55934],[127.12845,37.55937],[127.12829,37.55942],[127.1282,37.55946],[127.12814,37.55948],[127.12799,37.55953],[127.12802,37.55957],[127.12814,37.55973],[127.12824,37.55984],[127.12826,37.55986],[127.12829,37.5599],[127.12833,37.55994],[127.12843,37.56005],[127.12848,37.56011],[127.12855,37.56019],[127.12859,37.56024],[127.1287,37.56036],[127.12893,37.56061],[127.12912,37.5608],[127.1293,37.56099],[127.12938,37.56107],[127.12952,37.56121],[127.12966,37.56134],[127.1299,37.56157],[127.13016,37.56179],[127.13056,37.56216],[127.13069,37.56227],[127.13108,37.5626],[127.1313,37.56279],[127.13143,37.5629],[127.13147,37.56292],[127.13148,37.56294],[127.13151,37.56297],[127.1315,37.56302],[127.13152,37.563],[127.13152,37.56298],[127.13153,37.56299],[127.1318,37.56318],[127.1318,37.56318],[127.13181,37.56318],[127.13204,37.56335],[127.13232,37.56354],[127.1326,37.56373],[127.13276,37.56384],[127.13279,37.56382],[127.13286,37.56379],[127.13288,37.56378],[127.13283,37.56344],[127.13281,37.56332],[127.13277,37.56304],[127.13275,37.56288],[127.1327,37.56257],[127.13265,37.56235],[127.1326,37.5622],[127.13258,37.56214],[127.13253,37.562],[127.13247,37.56186],[127.13239,37.56169],[127.13234,37.56159],[127.13224,37.56142],[127.13224,37.56142],[127.13224,37.56142],[127.13218,37.56133],[127.13218,37.56133],[127.13218,37.56133],[127.13209,37.56121],[127.13209,37.56121],[127.13197,37.56105],[127.13189,37.56095],[127.13175,37.56077],[127.13169,37.56068],[127.13161,37.56059],[127.13148,37.56042],[127.13136,37.56027],[127.13131,37.56019],[127.13121,37.56005],[127.13114,37.55994],[127.1311,37.55989],[127.13234,37.55878],[127.13151,37.5581],[127.13111,37.55836],[127.13074,37.55805],[127.13057,37.55799],[127.1305,37.55864],[127.13025,37.55872],[127.13025,37.55872]]]}},{"type":"Feature","properties":{"cd":"POI012","nm":"창덕궁·종묘","cat":"고궁·문화유산","lon":126.993351,"lat":37.578695},"geometry":{"type":"Polygon","coordinates":[[[126.98929,37.57741],[126.98926,37.57765],[126.98927,37.57765],[126.98927,37.57811],[126.9893,37.5782],[126.98929,37.57834],[126.98928,37.5785],[126.98925,37.57865],[126.98923,37.57876],[126.98923,37.57877],[126.98924,37.57899],[126.98926,37.57902],[126.98929,37.5793],[126.98929,37.5793],[126.98928,37.5795],[126.98928,37.5796],[126.98928,37.57972],[126.98927,37.57988],[126.98925,37.57998],[126.98924,37.58003],[126.98922,37.58013],[126.9892,37.58037],[126.98919,37.58042],[126.98919,37.58064],[126.98918,37.58079],[126.98919,37.58085],[126.98919,37.58086],[126.9892,37.58089],[126.98925,37.58092],[126.98928,37.58091],[126.98928,37.58091],[126.98928,37.58092],[126.9893,37.58092],[126.98931,37.58092],[126.98936,37.58092],[126.98942,37.58092],[126.98943,37.58092],[126.98947,37.58092],[126.98948,37.58092],[126.98951,37.58092],[126.98951,37.58106],[126.98949,37.58107],[126.98949,37.5811],[126.98949,37.58117],[126.98949,37.58122],[126.9895,37.58122],[126.9895,37.58133],[126.9895,37.58135],[126.9895,37.58135],[126.98946,37.58141],[126.98944,37.5814],[126.98944,37.58159],[126.98947,37.5816],[126.98947,37.58161],[126.98948,37.58165],[126.98949,37.58177],[126.9895,37.58179],[126.98957,37.58193],[126.98961,37.58199],[126.98965,37.58206],[126.98968,37.58211],[126.98971,37.58217],[126.98972,37.58222],[126.98972,37.58222],[126.98974,37.5823],[126.98973,37.5823],[126.98974,37.58231],[126.98974,37.58232],[126.9897,37.58242],[126.98968,37.5825],[126.98966,37.58255],[126.9896,37.58264],[126.98956,37.58269],[126.98948,37.58274],[126.98947,37.58277],[126.98944,37.5828],[126.9894,37.58286],[126.98937,37.58291],[126.98937,37.58292],[126.98938,37.58298],[126.98939,37.5831],[126.98938,37.58316],[126.98938,37.58326],[126.98937,37.58332],[126.98937,37.58341],[126.98937,37.58351],[126.98933,37.58368],[126.98926,37.58377],[126.98925,37.58379],[126.9892,37.58386],[126.98914,37.58394],[126.98908,37.58404],[126.98907,37.58405],[126.98904,37.5841],[126.989,37.5842],[126.98898,37.58425],[126.98896,37.58431],[126.98892,37.58441],[126.98892,37.58441],[126.98892,37.58442],[126.98892,37.58442],[126.98893,37.58448],[126.98888,37.58466],[126.98887,37.58468],[126.98887,37.5847],[126.98884,37.58476],[126.98883,37.58479],[126.9888,37.58486],[126.98879,37.58489],[126.98878,37.585],[126.98877,37.58503],[126.9888,37.58513],[126.98883,37.58531],[126.98886,37.58549],[126.9889,37.5856],[126.98887,37.58561],[126.98872,37.58563],[126.9884,37.58566],[126.98815,37.58561],[126.98815,37.58561],[126.98811,37.58554],[126.98811,37.58554],[126.98807,37.58555],[126.98796,37.58556],[126.98795,37.58556],[126.98795,37.58571],[126.98795,37.58572],[126.98794,37.58574],[126.98792,37.58579],[126.98792,37.5858],[126.98785,37.58597],[126.98784,37.58602],[126.98779,37.5862],[126.98779,37.58622],[126.9878,37.58626],[126.98781,37.58629],[126.98784,37.58642],[126.98785,37.58651],[126.98788,37.58667],[126.98786,37.5867],[126.98782,37.58678],[126.98774,37.58702],[126.98774,37.58703],[126.9877,37.58712],[126.98771,37.58714],[126.98767,37.58726],[126.98773,37.58727],[126.98788,37.58729],[126.98793,37.58731],[126.98797,37.58731],[126.98812,37.58733],[126.98819,37.58732],[126.98841,37.58744],[126.98873,37.58761],[126.98877,37.58761],[126.98933,37.58763],[126.98937,37.58764],[126.98947,37.58755],[126.98953,37.58749],[126.98959,37.58747],[126.98972,37.58741],[126.98996,37.5873],[126.9901,37.58724],[126.99033,37.58714],[126.99033,37.58713],[126.99036,37.58713],[126.99043,37.5871],[126.99049,37.58711],[126.99063,37.58712],[126.99099,37.58714],[126.99101,37.58714],[126.99155,37.58719],[126.99212,37.58723],[126.99211,37.58724],[126.9923,37.58725],[126.99297,37.5873],[126.99298,37.5873],[126.99306,37.58715],[126.99308,37.58712],[126.99304,37.58708],[126.99298,37.58705],[126.99301,37.58704],[126.99299,37.58702],[126.99318,37.58695],[126.99323,37.58695],[126.99328,37.58695],[126.99331,37.58693],[126.99335,37.58689],[126.99338,37.58685],[126.99349,37.58668],[126.99356,37.58661],[126.99358,37.58658],[126.99361,37.58656],[126.99361,37.58655],[126.99366,37.58651],[126.99367,37.5865],[126.99367,37.58642],[126.99369,37.58639],[126.99375,37.58629],[126.99378,37.58624],[126.9938,37.58622],[126.99386,37.58603],[126.99389,37.58597],[126.99385,37.58596],[126.99393,37.58581],[126.99401,37.58569],[126.99404,37.58566],[126.99406,37.58562],[126.99414,37.58551],[126.99415,37.58549],[126.99425,37.5854],[126.99434,37.58532],[126.99444,37.58523],[126.9945,37.58518],[126.99456,37.58509],[126.99458,37.5851],[126.99469,37.58489],[126.99477,37.58478],[126.99483,37.58471],[126.99483,37.5847],[126.99487,37.58473],[126.99487,37.58473],[126.99484,37.5847],[126.99483,37.5847],[126.99483,37.58469],[126.99487,37.58464],[126.99492,37.58458],[126.99498,37.5845],[126.99504,37.58443],[126.9951,37.58436],[126.99513,37.58432],[126.99518,37.58426],[126.99524,37.58419],[126.99527,37.58416],[126.99542,37.58403],[126.99547,37.58397],[126.99557,37.58389],[126.99568,37.58377],[126.9957,37.58374],[126.99572,37.58371],[126.99583,37.58358],[126.99591,37.58362],[126.99597,37.58356],[126.996,37.58357],[126.996,37.58356],[126.996,37.58356],[126.99601,37.58355],[126.99604,37.5835],[126.99605,37.58344],[126.99607,37.58337],[126.99604,37.58337],[126.99607,37.58329],[126.99614,37.58315],[126.99616,37.58315],[126.99621,37.583],[126.99624,37.5829],[126.99626,37.58284],[126.99628,37.58285],[126.99628,37.58284],[126.99649,37.58245],[126.99651,37.58234],[126.99653,37.58221],[126.99656,37.58196],[126.99652,37.58167],[126.99652,37.58166],[126.99654,37.58157],[126.99654,37.58156],[126.99667,37.58143],[126.99666,37.58142],[126.99662,37.58138],[126.99654,37.58131],[126.9965,37.58128],[126.9965,37.58127],[126.99649,37.58126],[126.99647,37.58124],[126.99637,37.58113],[126.99635,37.5811],[126.99641,37.5811],[126.99635,37.581],[126.99633,37.5809],[126.99631,37.58066],[126.99632,37.58055],[126.99636,37.58037],[126.99637,37.58035],[126.99644,37.57994],[126.99654,37.5793],[126.99659,37.579],[126.99663,37.57877],[126.99673,37.57838],[126.99675,37.57831],[126.99676,37.57827],[126.99687,37.57789],[126.99699,37.5775],[126.99713,37.57707],[126.99716,37.57692],[126.99722,37.57692],[126.99733,37.57692],[126.99737,37.57693],[126.99744,37.57693],[126.99748,37.57693],[126.99755,37.57695],[126.99757,37.57696],[126.99766,37.57698],[126.99764,37.57703],[126.99773,37.57705],[126.99775,37.57699],[126.99779,37.57691],[126.99784,37.57681],[126.99785,37.57677],[126.99786,37.57677],[126.99787,37.57673],[126.99787,37.57672],[126.99789,37.57667],[126.99796,37.57668],[126.998,37.57669],[126.99802,37.57666],[126.99804,37.57664],[126.99803,37.57664],[126.99803,37.57663],[126.99806,37.57659],[126.99808,37.57656],[126.99819,37.57662],[126.99822,37.57663],[126.99827,37.57664],[126.99834,37.57666],[126.99834,37.57665],[126.99836,37.57665],[126.99843,37.57667],[126.99847,37.57668],[126.99846,37.57672],[126.99842,37.57683],[126.99882,37.57691],[126.99884,37.57685],[126.99884,37.57683],[126.99879,37.57682],[126.9988,37.57673],[126.9988,37.57671],[126.99881,37.57669],[126.99885,37.57664],[126.99886,37.57662],[126.99887,37.57661],[126.99887,37.5766],[126.99888,37.57659],[126.99892,37.57654],[126.99897,37.57648],[126.99898,37.57647],[126.99894,37.57645],[126.99897,37.5764],[126.99898,37.57639],[126.99898,37.57639],[126.99904,37.57641],[126.99904,37.57636],[126.99905,37.57634],[126.99905,37.57634],[126.99905,37.57633],[126.99905,37.57633],[126.99909,37.57624],[126.9991,37.57623],[126.9991,37.57623],[126.99914,37.57614],[126.99917,37.57614],[126.99927,37.57613],[126.99929,37.57613],[126.9993,37.57613],[126.9993,37.57613],[126.99934,37.57612],[126.99936,37.57613],[126.99939,37.57613],[126.99939,37.57614],[126.9994,37.57616],[126.99942,37.57616],[126.99943,37.57616],[126.99945,37.57616],[126.99946,37.57615],[126.99948,37.57615],[126.99949,37.57614],[126.99953,37.57613],[126.99954,37.57613],[126.99956,37.57609],[126.99958,37.57604],[126.99959,37.57603],[126.9996,37.57601],[126.99959,37.57601],[126.99955,37.576],[126.9995,37.57597],[126.99946,37.57594],[126.99943,37.57589],[126.9994,37.57589],[126.99934,37.57589],[126.99867,37.57587],[126.99856,37.57587],[126.99839,37.57587],[126.99778,37.57586],[126.99735,37.57586],[126.99649,37.57613],[126.99646,37.57601],[126.9962,37.57594],[126.99577,37.57585],[126.99581,37.57552],[126.99583,37.5754],[126.99586,37.57531],[126.99589,37.5752],[126.99593,37.57514],[126.99605,37.57497],[126.99614,37.57483],[126.9962,37.57475],[126.99622,37.57469],[126.99624,37.5745],[126.99626,37.57444],[126.99631,37.57428],[126.99637,37.57409],[126.99647,37.57367],[126.9966,37.57369],[126.99662,37.57361],[126.99665,37.57359],[126.99668,37.57358],[126.99682,37.57358],[126.99698,37.57358],[126.9972,37.57357],[126.99721,37.57353],[126.99759,37.57353],[126.9976,37.57335],[126.99837,37.57337],[126.99838,37.57335],[126.99847,37.57325],[126.99863,37.57309],[126.99873,37.57299],[126.9988,37.57292],[126.99892,37.57277],[126.99894,37.57276],[126.99902,37.57267],[126.9992,37.57246],[126.99921,37.57245],[126.99928,37.57235],[126.99933,37.57229],[126.99947,37.57218],[126.99953,37.57213],[126.99957,37.57209],[126.99959,37.57206],[126.9996,37.57205],[126.99962,37.57202],[126.99962,37.57202],[126.99964,37.57198],[126.99967,37.57193],[126.99969,37.57189],[126.99971,37.57185],[126.99974,37.5718],[126.99975,37.5718],[126.99976,37.57178],[126.99978,37.57175],[126.99981,37.57171],[126.99984,37.57168],[126.99986,37.57163],[126.99988,37.57159],[126.99989,37.57157],[126.99993,37.57152],[126.99997,37.57147],[126.99999,37.57142],[127.00003,37.57137],[127.00004,37.57135],[127.00005,37.57135],[127.00009,37.57131],[127.00013,37.57128],[127.00017,37.57124],[127.00018,37.57124],[127.00019,37.5712],[127.00021,37.57117],[127.00023,37.57112],[127.00024,37.57107],[127.00026,37.57103],[127.00027,37.57099],[127.0003,37.57093],[127.00031,37.5709],[127.00032,37.57088],[127.00026,37.57088],[127.0,37.57087],[126.99953,37.57083],[126.99922,37.57081],[126.99895,37.57079],[126.99884,37.57078],[126.99775,37.57071],[126.99746,37.5707],[126.99707,37.57068],[126.99684,37.57066],[126.99644,37.57064],[126.99572,37.5706],[126.99556,37.57059],[126.99535,37.57057],[126.99478,37.57056],[126.99443,37.57053],[126.99416,37.57052],[126.99379,37.57052],[126.99364,37.5705],[126.99326,37.57049],[126.99273,37.57047],[126.99265,37.57046],[126.99213,37.57045],[126.99209,37.57083],[126.99206,37.57095],[126.99201,37.57114],[126.99196,37.57131],[126.99194,37.57137],[126.99189,37.57151],[126.99174,37.57199],[126.99174,37.57201],[126.99153,37.57259],[126.99145,37.57284],[126.99144,37.57287],[126.99127,37.57342],[126.99123,37.57356],[126.99116,37.57379],[126.99115,37.57384],[126.99106,37.57415],[126.99102,37.57426],[126.99097,37.57444],[126.99088,37.57473],[126.99085,37.57483],[126.99061,37.57565],[126.99055,37.57586],[126.99045,37.57621],[126.99044,37.57623],[126.99031,37.57667],[126.99017,37.57706],[126.99004,37.57745],[126.98929,37.57741]]]}},{"type":"Feature","properties":{"cd":"POI013","nm":"가산디지털단지역","cat":"인구밀집지역","lon":126.880107,"lat":37.48089},"geometry":{"type":"Polygon","coordinates":[[[126.87338,37.48243],[126.8732,37.4823],[126.87319,37.48228],[126.87297,37.48227],[126.87274,37.48242],[126.87277,37.48266],[126.87278,37.4828],[126.87278,37.4828],[126.87278,37.48296],[126.87277,37.48313],[126.87277,37.48323],[126.87277,37.48338],[126.87279,37.48349],[126.8728,37.48352],[126.87286,37.48366],[126.87287,37.48367],[126.87295,37.48375],[126.87301,37.4838],[126.87315,37.48392],[126.87323,37.484],[126.87329,37.48409],[126.87331,37.48412],[126.8733,37.48418],[126.87319,37.48424],[126.87314,37.48426],[126.87298,37.48431],[126.87278,37.48437],[126.87275,37.48437],[126.87244,37.4844],[126.87221,37.48443],[126.87201,37.48466],[126.87189,37.48485],[126.8718,37.485],[126.87176,37.48527],[126.87203,37.4856],[126.87223,37.48576],[126.87238,37.48601],[126.87244,37.48611],[126.87261,37.48619],[126.87267,37.48622],[126.87269,37.48622],[126.87274,37.48624],[126.87289,37.48625],[126.87304,37.4862],[126.87314,37.48615],[126.87321,37.48607],[126.8733,37.48599],[126.87344,37.48584],[126.87356,37.48571],[126.87363,37.48564],[126.87367,37.48557],[126.87375,37.48543],[126.87381,37.48532],[126.87394,37.48525],[126.87409,37.4852],[126.87413,37.48519],[126.87422,37.48519],[126.87442,37.48527],[126.87456,37.48537],[126.87456,37.48537],[126.87456,37.48537],[126.87457,37.48537],[126.87475,37.48539],[126.87476,37.48539],[126.87518,37.48547],[126.87523,37.48548],[126.87526,37.48549],[126.87547,37.48555],[126.87554,37.48557],[126.87575,37.48562],[126.87588,37.48566],[126.87603,37.48569],[126.87608,37.4857],[126.8761,37.48571],[126.87614,37.48572],[126.87632,37.48576],[126.87634,37.48577],[126.87638,37.48578],[126.87642,37.48579],[126.8765,37.48581],[126.87654,37.48582],[126.87661,37.48584],[126.8768,37.48589],[126.8769,37.48592],[126.87688,37.48595],[126.87692,37.48595],[126.87703,37.48597],[126.87706,37.48598],[126.8771,37.48599],[126.87731,37.48603],[126.87731,37.48603],[126.87731,37.48601],[126.87731,37.48601],[126.87736,37.48602],[126.87742,37.48604],[126.87758,37.48606],[126.87758,37.48606],[126.87766,37.48607],[126.87766,37.48609],[126.87766,37.4861],[126.87766,37.4861],[126.8777,37.48611],[126.87781,37.48615],[126.87783,37.48616],[126.87793,37.48622],[126.87794,37.48623],[126.87795,37.48624],[126.87788,37.48623],[126.87789,37.48624],[126.87799,37.48632],[126.87814,37.48639],[126.87815,37.48639],[126.87822,37.48646],[126.87831,37.48655],[126.87834,37.48657],[126.87835,37.48659],[126.87846,37.48667],[126.87849,37.48666],[126.87862,37.4866],[126.87868,37.48658],[126.87886,37.48649],[126.87897,37.48644],[126.87908,37.48639],[126.87925,37.48632],[126.87939,37.48625],[126.87944,37.48623],[126.87952,37.48621],[126.87966,37.48616],[126.87982,37.4861],[126.8803,37.48593],[126.8806,37.48583],[126.88085,37.48574],[126.88089,37.48573],[126.88089,37.48572],[126.88097,37.4857],[126.8811,37.48565],[126.88121,37.48561],[126.88135,37.48556],[126.88141,37.48553],[126.88148,37.48549],[126.88191,37.48524],[126.88217,37.48508],[126.88218,37.48507],[126.88236,37.48497],[126.88236,37.48496],[126.88237,37.48496],[126.88239,37.48495],[126.8824,37.48495],[126.88243,37.48493],[126.88258,37.48483],[126.8826,37.48482],[126.88261,37.48481],[126.88262,37.48481],[126.88264,37.4848],[126.88265,37.48479],[126.88272,37.48475],[126.88274,37.48473],[126.88278,37.48471],[126.88279,37.4847],[126.8828,37.4847],[126.88292,37.48461],[126.88292,37.48461],[126.88309,37.48449],[126.8831,37.48448],[126.8831,37.48448],[126.88317,37.48443],[126.88328,37.48436],[126.88335,37.4843],[126.88337,37.48429],[126.88342,37.48425],[126.88345,37.48423],[126.88351,37.48419],[126.88361,37.48412],[126.88376,37.48402],[126.8838,37.48398],[126.88382,37.48397],[126.88416,37.48373],[126.88427,37.48366],[126.88429,37.48364],[126.88435,37.4836],[126.88437,37.48359],[126.88442,37.48355],[126.88443,37.48354],[126.88446,37.48352],[126.88452,37.48349],[126.88459,37.48344],[126.88462,37.48342],[126.8847,37.48336],[126.88489,37.48324],[126.88497,37.48318],[126.88507,37.48312],[126.88507,37.48311],[126.88514,37.48307],[126.88521,37.48302],[126.88527,37.48298],[126.88528,37.48298],[126.88544,37.48287],[126.88548,37.48285],[126.88549,37.48284],[126.88556,37.48279],[126.88563,37.48275],[126.88564,37.48274],[126.88568,37.48272],[126.88568,37.48271],[126.88572,37.48269],[126.88573,37.48268],[126.88574,37.48268],[126.88581,37.48262],[126.88588,37.48257],[126.88604,37.48244],[126.88606,37.48243],[126.8861,37.48239],[126.88615,37.48235],[126.88616,37.48235],[126.88617,37.48234],[126.88624,37.48225],[126.88636,37.48211],[126.88641,37.48206],[126.88651,37.48193],[126.88651,37.48193],[126.88665,37.48176],[126.88675,37.48164],[126.88689,37.48147],[126.88691,37.48144],[126.88693,37.48142],[126.887,37.48134],[126.88704,37.48128],[126.88707,37.48125],[126.88708,37.48124],[126.88716,37.48113],[126.88718,37.48111],[126.88724,37.48104],[126.88725,37.48102],[126.88734,37.48092],[126.88735,37.4809],[126.88736,37.48089],[126.88737,37.48087],[126.8874,37.48084],[126.88745,37.48079],[126.88745,37.48078],[126.88751,37.48071],[126.88755,37.48067],[126.88759,37.48061],[126.88765,37.48054],[126.88766,37.48052],[126.8877,37.48048],[126.88773,37.48044],[126.88784,37.48037],[126.888,37.48027],[126.88821,37.48013],[126.88825,37.48011],[126.88836,37.48004],[126.88847,37.47998],[126.88856,37.47992],[126.88865,37.47987],[126.88876,37.47981],[126.88877,37.4798],[126.88878,37.47979],[126.88884,37.47977],[126.88911,37.47967],[126.88913,37.47966],[126.88919,37.47964],[126.88948,37.47954],[126.88957,37.47951],[126.88967,37.47947],[126.88978,37.47943],[126.88985,37.4794],[126.88985,37.4794],[126.88988,37.47939],[126.88989,37.47939],[126.88986,37.47937],[126.88986,37.47937],[126.88986,37.47937],[126.88977,37.47929],[126.88947,37.47905],[126.88938,37.47898],[126.88938,37.47898],[126.88913,37.47877],[126.88897,37.47864],[126.88893,37.4786],[126.88863,37.47836],[126.88825,37.47805],[126.88811,37.47796],[126.88802,37.47792],[126.88792,37.47788],[126.88735,37.47771],[126.88662,37.47749],[126.8849,37.477],[126.8833,37.47653],[126.88328,37.47653],[126.88169,37.47607],[126.88084,37.47584],[126.8799,37.47559],[126.87949,37.47549],[126.87906,37.47537],[126.87851,37.47522],[126.87825,37.47515],[126.87819,37.47514],[126.87818,37.47513],[126.87818,37.47513],[126.87732,37.47494],[126.87724,37.47508],[126.87711,37.47528],[126.87699,37.47547],[126.87684,37.47572],[126.87679,37.4758],[126.87669,37.47595],[126.87657,37.47615],[126.87643,37.47638],[126.87637,37.47648],[126.87625,37.47667],[126.87614,37.47684],[126.87599,37.4771],[126.87593,37.47722],[126.87582,37.47742],[126.87567,37.47771],[126.87563,37.47778],[126.87555,37.47795],[126.8755,37.47804],[126.87536,37.4783],[126.87532,37.47837],[126.87527,37.47847],[126.87513,37.47874],[126.87507,37.47886],[126.87496,37.47907],[126.87485,37.47928],[126.87479,37.47941],[126.87475,37.47948],[126.87456,37.47985],[126.87441,37.48015],[126.87429,37.48038],[126.87427,37.48042],[126.87423,37.48044],[126.8742,37.48048],[126.87418,37.48055],[126.87421,37.48061],[126.87418,37.48066],[126.87414,37.48076],[126.87407,37.48092],[126.87399,37.48107],[126.87394,37.48119],[126.87388,37.48132],[126.87381,37.48148],[126.87376,37.4816],[126.87369,37.48173],[126.87366,37.48181],[126.87363,37.48188],[126.87357,37.482],[126.87352,37.48213],[126.87344,37.48229],[126.87338,37.48243]]]}},{"type":"Feature","properties":{"cd":"POI014","nm":"강남역","cat":"인구밀집지역","lon":127.028134,"lat":37.498857},"geometry":{"type":"Polygon","coordinates":[[[127.0283,37.49253],[127.02283,37.50396],[127.02653,37.50502],[127.02709,37.50375],[127.02835,37.5041],[127.02994,37.50325],[127.02927,37.50255],[127.03339,37.49409],[127.0283,37.49253]]]}},{"type":"Feature","properties":{"cd":"POI015","nm":"건대입구역","cat":"인구밀집지역","lon":127.068204,"lat":37.53997},"geometry":{"type":"Polygon","coordinates":[[[127.07008,37.5438],[127.07037,37.54349],[127.07037,37.54349],[127.07042,37.54344],[127.07047,37.54339],[127.07047,37.54339],[127.07072,37.54315],[127.07082,37.54304],[127.07083,37.54303],[127.07102,37.54283],[127.07103,37.54283],[127.07105,37.5428],[127.07124,37.54261],[127.07125,37.54261],[127.07128,37.54257],[127.07128,37.54257],[127.07156,37.5423],[127.07172,37.54224],[127.07155,37.54188],[127.0715,37.54176],[127.07139,37.54152],[127.07116,37.54104],[127.07096,37.5406],[127.07091,37.5405],[127.07072,37.54008],[127.07061,37.53993],[127.07061,37.53993],[127.07061,37.53993],[127.07149,37.53963],[127.07151,37.53962],[127.07194,37.53948],[127.07194,37.53948],[127.07221,37.53939],[127.0724,37.53932],[127.0724,37.53932],[127.0729,37.53915],[127.0729,37.53915],[127.07291,37.53915],[127.07294,37.53914],[127.07308,37.53911],[127.07308,37.53911],[127.07355,37.53899],[127.07355,37.53899],[127.07357,37.53898],[127.0742,37.53883],[127.07421,37.53899],[127.07433,37.53896],[127.07435,37.53896],[127.07448,37.53893],[127.07443,37.53877],[127.07438,37.53862],[127.0742,37.53809],[127.07411,37.5378],[127.07411,37.53779],[127.07372,37.53791],[127.07283,37.53817],[127.07253,37.53827],[127.07173,37.53851],[127.07159,37.53819],[127.07165,37.53808],[127.07152,37.53782],[127.07145,37.5377],[127.07134,37.53735],[127.07134,37.53699],[127.07134,37.53688],[127.0711,37.53696],[127.07109,37.53696],[127.07033,37.53722],[127.07025,37.53725],[127.0697,37.53743],[127.06958,37.53747],[127.06946,37.53751],[127.06945,37.53752],[127.06945,37.53752],[127.06944,37.5375],[127.06936,37.53731],[127.06923,37.53734],[127.0692,37.53737],[127.06914,37.53733],[127.06902,37.53746],[127.06888,37.53762],[127.06879,37.53773],[127.06879,37.53774],[127.06871,37.53783],[127.06868,37.53785],[127.06868,37.53785],[127.06856,37.53779],[127.06843,37.53773],[127.06841,37.53771],[127.06838,37.53766],[127.06837,37.53765],[127.06829,37.53769],[127.06799,37.53779],[127.06796,37.5378],[127.06789,37.5378],[127.06718,37.53803],[127.06718,37.53803],[127.06718,37.53799],[127.06728,37.53765],[127.06729,37.53763],[127.06729,37.53762],[127.06698,37.53756],[127.06685,37.53752],[127.06685,37.53752],[127.06679,37.5375],[127.06678,37.53749],[127.06673,37.53752],[127.06667,37.53754],[127.06667,37.53754],[127.06649,37.5376],[127.06628,37.53767],[127.0662,37.53769],[127.06613,37.5377],[127.06583,37.53779],[127.06583,37.53779],[127.06575,37.53781],[127.06553,37.53786],[127.06548,37.53787],[127.06544,37.53788],[127.06544,37.5379],[127.06544,37.5379],[127.06558,37.53811],[127.06559,37.53815],[127.06559,37.53815],[127.06557,37.53818],[127.06555,37.53822],[127.06534,37.53858],[127.06532,37.53861],[127.06532,37.53861],[127.06532,37.53862],[127.06529,37.53861],[127.06506,37.53855],[127.06497,37.53852],[127.06497,37.5385],[127.06498,37.53848],[127.06496,37.53847],[127.06484,37.53842],[127.06465,37.53835],[127.06458,37.53833],[127.06431,37.53823],[127.06427,37.53823],[127.06425,37.53825],[127.06418,37.53833],[127.06418,37.53833],[127.06416,37.53831],[127.064,37.53821],[127.06399,37.5382],[127.06383,37.5381],[127.06382,37.53808],[127.06381,37.5381],[127.06359,37.5383],[127.06357,37.53831],[127.06356,37.53831],[127.06342,37.53821],[127.06339,37.53819],[127.06323,37.53834],[127.0631,37.53847],[127.0631,37.53847],[127.06312,37.53848],[127.06317,37.53852],[127.06318,37.53853],[127.06318,37.53856],[127.0632,37.5386],[127.06321,37.53863],[127.06321,37.53865],[127.06319,37.53868],[127.06317,37.53873],[127.06309,37.53885],[127.06308,37.53887],[127.06304,37.53894],[127.06296,37.53904],[127.06295,37.53906],[127.06294,37.53908],[127.06287,37.53917],[127.06284,37.53921],[127.06286,37.53921],[127.06288,37.53922],[127.06299,37.53927],[127.06307,37.5393],[127.0631,37.53931],[127.06327,37.53907],[127.06341,37.53888],[127.06359,37.53866],[127.06382,37.53879],[127.06384,37.5388],[127.06384,37.5388],[127.06379,37.53886],[127.06378,37.53889],[127.06378,37.53889],[127.06376,37.53891],[127.06371,37.53898],[127.06364,37.53908],[127.06367,37.53909],[127.06406,37.53929],[127.06408,37.5393],[127.06393,37.53948],[127.06384,37.53954],[127.06372,37.53959],[127.06367,37.5396],[127.06372,37.53967],[127.0638,37.53982],[127.06382,37.53986],[127.06363,37.53992],[127.06363,37.53992],[127.06301,37.54014],[127.06286,37.54019],[127.06289,37.54025],[127.06297,37.54039],[127.06299,37.54042],[127.06302,37.54048],[127.06307,37.54057],[127.06314,37.54069],[127.06321,37.5408],[127.06327,37.54092],[127.06333,37.54103],[127.06342,37.54118],[127.06347,37.54127],[127.0635,37.54133],[127.06353,37.54139],[127.06356,37.54144],[127.0636,37.54151],[127.06367,37.54163],[127.06373,37.54173],[127.06378,37.54181],[127.06382,37.5419],[127.06387,37.54198],[127.06396,37.54215],[127.06398,37.54218],[127.06401,37.54223],[127.06401,37.54223],[127.06402,37.54223],[127.06403,37.54223],[127.06402,37.54222],[127.064,37.54218],[127.064,37.54218],[127.06427,37.54208],[127.06436,37.54205],[127.06444,37.54203],[127.06476,37.54192],[127.06585,37.54155],[127.0661,37.54146],[127.0661,37.54146],[127.06617,37.54144],[127.0664,37.54136],[127.0664,37.54136],[127.0664,37.54136],[127.06641,37.54136],[127.06648,37.5415],[127.06658,37.5417],[127.06667,37.54186],[127.0667,37.54192],[127.06665,37.54194],[127.06644,37.54201],[127.06619,37.5421],[127.06592,37.54219],[127.06592,37.54219],[127.06594,37.54222],[127.06595,37.54225],[127.06609,37.5425],[127.0661,37.54253],[127.06617,37.54266],[127.06618,37.54266],[127.0662,37.54265],[127.06646,37.54257],[127.06694,37.54241],[127.06697,37.5424],[127.06697,37.5424],[127.06689,37.54226],[127.06692,37.54225],[127.06699,37.54222],[127.06715,37.54217],[127.06739,37.54208],[127.0674,37.54207],[127.06763,37.542],[127.06767,37.54199],[127.06752,37.54171],[127.0675,37.54168],[127.06748,37.54165],[127.06749,37.54165],[127.06779,37.54155],[127.0678,37.54154],[127.06789,37.54152],[127.06807,37.54146],[127.06807,37.54146],[127.06821,37.54141],[127.06828,37.54139],[127.06831,37.54145],[127.06852,37.54186],[127.06854,37.54189],[127.06858,37.54188],[127.06895,37.54175],[127.069,37.54185],[127.06906,37.54195],[127.06905,37.54196],[127.0687,37.54209],[127.06866,37.5421],[127.06868,37.54215],[127.06869,37.54218],[127.06881,37.54239],[127.06887,37.5425],[127.06892,37.54258],[127.06902,37.54279],[127.06906,37.54284],[127.06906,37.54284],[127.06918,37.54308],[127.06918,37.54308],[127.06922,37.54315],[127.06942,37.54353],[127.06942,37.54353],[127.06953,37.54374],[127.06965,37.54397],[127.0697,37.54406],[127.06971,37.54408],[127.06973,37.54409],[127.06976,37.54412],[127.06982,37.54407],[127.07008,37.5438]]]}},{"type":"Feature","properties":{"cd":"POI016","nm":"고덕역","cat":"인구밀집지역","lon":127.154871,"lat":37.553455},"geometry":{"type":"Polygon","coordinates":[[[127.15331,37.55302],[127.15332,37.55442],[127.15333,37.55488],[127.15332,37.55493],[127.15333,37.55493],[127.15407,37.55503],[127.15632,37.55537],[127.15657,37.55538],[127.15655,37.55508],[127.1565,37.55428],[127.1565,37.55428],[127.15648,37.55393],[127.15647,37.55392],[127.15643,37.55326],[127.15641,37.55288],[127.15641,37.55288],[127.15638,37.5524],[127.15633,37.55171],[127.15633,37.5517],[127.15625,37.55171],[127.15552,37.55175],[127.15492,37.55178],[127.15431,37.55181],[127.15281,37.55191],[127.15282,37.55228],[127.15331,37.553],[127.15331,37.55301],[127.15331,37.55302]]]}},{"type":"Feature","properties":{"cd":"POI017","nm":"고속터미널역","cat":"인구밀집지역","lon":127.005855,"lat":37.504814},"geometry":{"type":"Polygon","coordinates":[[[127.00954,37.50644],[127.00962,37.50628],[127.00968,37.50617],[127.00969,37.50615],[127.00993,37.50569],[127.01003,37.50551],[127.01039,37.50482],[127.01042,37.50477],[127.01042,37.50477],[127.01038,37.50476],[127.01006,37.50468],[127.00979,37.50458],[127.00973,37.50456],[127.00864,37.50414],[127.0079,37.50386],[127.0066,37.50336],[127.00655,37.50333],[127.00518,37.5028],[127.00444,37.50254],[127.00383,37.50238],[127.00329,37.50221],[127.00294,37.50269],[127.0029,37.50275],[127.00256,37.50316],[127.00256,37.50316],[127.00248,37.50325],[127.00226,37.50352],[127.0022,37.50359],[127.0022,37.5036],[127.00219,37.5036],[127.00178,37.50409],[127.00177,37.50411],[127.00176,37.50413],[127.00172,37.50417],[127.00168,37.50422],[127.0015,37.50445],[127.00143,37.50454],[127.00143,37.50454],[127.00118,37.50487],[127.00109,37.50498],[127.00108,37.50499],[127.00107,37.505],[127.00108,37.505],[127.00111,37.50501],[127.00114,37.50502],[127.00115,37.505],[127.00442,37.50599],[127.00897,37.50737],[127.00897,37.50737],[127.00904,37.50739],[127.00911,37.50726],[127.00921,37.50706],[127.0093,37.5069],[127.00937,37.50676],[127.00954,37.50644]]]}},{"type":"Feature","properties":{"cd":"POI018","nm":"교대역","cat":"인구밀집지역","lon":127.013957,"lat":37.492201},"geometry":{"type":"Polygon","coordinates":[[[127.01442,37.4885],[127.01265,37.48786],[127.01229,37.48875],[127.01264,37.48941],[127.0125,37.49043],[127.01172,37.49153],[127.01083,37.49347],[127.01543,37.4949],[127.01654,37.49501],[127.01736,37.49525],[127.01776,37.49472],[127.01791,37.4939],[127.01604,37.49333],[127.01522,37.49323],[127.01558,37.49144],[127.01432,37.49132],[127.01442,37.4885]]]}},{"type":"Feature","properties":{"cd":"POI019","nm":"구로디지털단지역","cat":"인구밀집지역","lon":126.896183,"lat":37.483878},"geometry":{"type":"Polygon","coordinates":[[[126.89964,37.48501],[126.89997,37.48545],[126.90063,37.48506],[126.9015,37.48472],[126.90164,37.4843],[126.90291,37.48351],[126.90139,37.48136],[126.90081,37.48242],[126.8998,37.48128],[126.8977,37.48239],[126.89736,37.48177],[126.89711,37.48151],[126.89692,37.48139],[126.89657,37.48117],[126.89608,37.4809],[126.89544,37.48069],[126.89446,37.48051],[126.89399,37.48056],[126.89323,37.48086],[126.89245,37.48149],[126.89074,37.48283],[126.8915,37.48358],[126.89162,37.48372],[126.89203,37.48376],[126.89207,37.48391],[126.89167,37.48417],[126.89208,37.4845],[126.89222,37.48459],[126.89227,37.48517],[126.89225,37.48528],[126.89198,37.48539],[126.89238,37.48588],[126.89138,37.48641],[126.89318,37.48739],[126.89423,37.48788],[126.89964,37.48501]]]}},{"type":"Feature","properties":{"cd":"POI020","nm":"구로역","cat":"인구밀집지역","lon":126.882117,"lat":37.502348},"geometry":{"type":"Polygon","coordinates":[[[126.87979,37.50299],[126.87982,37.50301],[126.8804,37.50341],[126.88192,37.50446],[126.88312,37.50338],[126.88199,37.50244],[126.88217,37.50232],[126.88353,37.50233],[126.88368,37.50227],[126.88374,37.50212],[126.88391,37.50208],[126.88389,37.50197],[126.88416,37.50188],[126.88418,37.50184],[126.88415,37.50166],[126.88414,37.50155],[126.88412,37.50142],[126.8841,37.50125],[126.88409,37.50117],[126.88409,37.50117],[126.88408,37.50115],[126.88392,37.5012],[126.8838,37.50125],[126.8838,37.5012],[126.8838,37.50081],[126.88369,37.50081],[126.8836,37.50081],[126.88363,37.50045],[126.88309,37.50032],[126.88291,37.50027],[126.88291,37.50027],[126.88289,37.50029],[126.88272,37.50046],[126.88272,37.50046],[126.88272,37.50046],[126.88256,37.50061],[126.88255,37.50061],[126.88254,37.50062],[126.88245,37.50071],[126.88202,37.5011],[126.88162,37.50142],[126.88156,37.50146],[126.88155,37.50147],[126.88057,37.50229],[126.87979,37.50299]]]}},{"type":"Feature","properties":{"cd":"POI021","nm":"군자역","cat":"인구밀집지역","lon":127.080194,"lat":37.556316},"geometry":{"type":"Polygon","coordinates":[[[127.084,37.55458],[127.08368,37.55405],[127.08109,37.55508],[127.08109,37.55508],[127.08077,37.55522],[127.07948,37.55572],[127.07919,37.5552],[127.0789,37.55464],[127.07857,37.55407],[127.07833,37.55424],[127.07795,37.55437],[127.07793,37.55434],[127.07744,37.55451],[127.07727,37.55457],[127.07702,37.55466],[127.07662,37.55479],[127.07658,37.55511],[127.07663,37.55515],[127.07674,37.55524],[127.07743,37.55589],[127.07684,37.55613],[127.07719,37.55671],[127.07641,37.557],[127.07705,37.55833],[127.07763,37.55812],[127.07764,37.55812],[127.07832,37.55784],[127.07888,37.55884],[127.0801,37.55838],[127.08089,37.55807],[127.08134,37.5579],[127.08191,37.55766],[127.08249,37.55745],[127.0822,37.55696],[127.08355,37.55643],[127.08404,37.55624],[127.08436,37.55612],[127.08466,37.556],[127.08483,37.55594],[127.08441,37.55524],[127.08441,37.55524],[127.084,37.55458],[127.084,37.55458]]]}},{"type":"Feature","properties":{"cd":"POI023","nm":"대림역","cat":"인구밀집지역","lon":126.895541,"lat":37.492667},"geometry":{"type":"Polygon","coordinates":[[[126.89434,37.49491],[126.89412,37.49558],[126.89497,37.49572],[126.89571,37.49609],[126.89595,37.49554],[126.89656,37.49551],[126.89706,37.49563],[126.89758,37.49579],[126.89777,37.49551],[126.89942,37.49601],[126.89984,37.49488],[126.9004,37.49428],[126.89829,37.49298],[126.89908,37.49215],[126.89914,37.49208],[126.89907,37.49185],[126.89952,37.49174],[126.89932,37.49157],[126.89965,37.49127],[126.89808,37.4901],[126.8982,37.48999],[126.89826,37.48987],[126.89764,37.48965],[126.89722,37.49013],[126.89697,37.48999],[126.89689,37.4901],[126.8962,37.48989],[126.89591,37.49058],[126.89312,37.48877],[126.89154,37.48958],[126.89291,37.49046],[126.89257,37.49085],[126.89161,37.49186],[126.89079,37.49277],[126.8905,37.49322],[126.89115,37.4934],[126.89148,37.49401],[126.89186,37.4943],[126.89168,37.49457],[126.8919,37.49473],[126.89255,37.49439],[126.89276,37.494],[126.89434,37.49491]]]}},{"type":"Feature","properties":{"cd":"POI024","nm":"동대문역","cat":"인구밀집지역","lon":127.009659,"lat":37.571482},"geometry":{"type":"Polygon","coordinates":[[[127.01232,37.56974],[127.01213,37.56976],[127.01161,37.56976],[127.01081,37.56977],[127.01024,37.56977],[127.01004,37.56977],[127.00994,37.56977],[127.00986,37.56977],[127.00985,37.56976],[127.00983,37.56976],[127.00978,37.56976],[127.00977,37.56976],[127.0097,37.56976],[127.00968,37.56976],[127.0096,37.56976],[127.00928,37.56975],[127.00916,37.56974],[127.00914,37.56974],[127.00908,37.56974],[127.00907,37.56974],[127.00902,37.56974],[127.009,37.56974],[127.00899,37.56974],[127.00898,37.56974],[127.00895,37.56973],[127.00889,37.56973],[127.00888,37.56973],[127.00886,37.56973],[127.00884,37.56973],[127.00883,37.56973],[127.00882,37.56973],[127.00881,37.56973],[127.00856,37.56972],[127.00846,37.56971],[127.00842,37.56971],[127.00837,37.56971],[127.00829,37.56971],[127.00824,37.56971],[127.00817,37.5697],[127.00815,37.5697],[127.0081,37.5697],[127.00799,37.5697],[127.00781,37.56969],[127.00758,37.56968],[127.00727,37.56966],[127.00694,37.56965],[127.00691,37.56964],[127.00673,37.56963],[127.00673,37.56966],[127.00673,37.56983],[127.00671,37.57008],[127.00673,37.57046],[127.0067,37.57109],[127.00668,37.57157],[127.00667,37.57168],[127.00667,37.57178],[127.00667,37.5718],[127.00691,37.57196],[127.0071,37.57234],[127.00735,37.57287],[127.00746,37.57301],[127.00755,37.57313],[127.00844,37.5731],[127.00845,37.57319],[127.0086,37.57346],[127.00868,37.57346],[127.00902,37.57352],[127.00902,37.57352],[127.00902,37.57352],[127.00902,37.57352],[127.00904,37.57352],[127.0092,37.57353],[127.00932,37.57355],[127.00944,37.57357],[127.00957,37.5736],[127.00961,37.57361],[127.0097,37.57361],[127.01001,37.57365],[127.01001,37.57365],[127.01023,37.57369],[127.01034,37.57369],[127.01061,37.57369],[127.01088,37.57364],[127.01095,37.57363],[127.01113,37.57361],[127.01123,37.57356],[127.01123,37.57356],[127.01126,37.5735],[127.0113,37.57342],[127.01135,37.57332],[127.0114,37.57324],[127.01145,37.57319],[127.01165,37.57302],[127.01167,37.573],[127.0117,37.57296],[127.01186,37.57273],[127.01201,37.5726],[127.01216,37.57252],[127.01224,37.57248],[127.01229,37.57245],[127.01257,37.57213],[127.01233,37.57207],[127.01251,37.57164],[127.01255,37.57153],[127.01258,37.57136],[127.01259,37.57109],[127.0126,37.5707],[127.0126,37.57052],[127.01259,37.57049],[127.01258,37.57027],[127.0126,37.57016],[127.01263,37.56997],[127.01265,37.56979],[127.01264,37.56975],[127.01232,37.56974]]]}},{"type":"Feature","properties":{"cd":"POI025","nm":"뚝섬역","cat":"인구밀집지역","lon":127.046136,"lat":37.54829},"geometry":{"type":"Polygon","coordinates":[[[127.04449,37.54808],[127.04511,37.54831],[127.04551,37.54871],[127.04565,37.54871],[127.04655,37.54988],[127.04642,37.54998],[127.0463,37.55092],[127.04697,37.55131],[127.04692,37.55157],[127.04754,37.5516],[127.0487,37.55151],[127.05034,37.55115],[127.05022,37.55076],[127.05068,37.55036],[127.04983,37.54988],[127.05022,37.5494],[127.04927,37.54879],[127.04991,37.54806],[127.0495,37.54721],[127.04861,37.5475],[127.0489,37.54659],[127.04686,37.54729],[127.04777,37.54626],[127.04749,37.54586],[127.04738,37.54548],[127.046,37.54593],[127.04587,37.54591],[127.04538,37.54615],[127.04461,37.54622],[127.04463,37.54608],[127.04401,37.54621],[127.04379,37.54593],[127.03929,37.54711],[127.03927,37.54719],[127.0397,37.54807],[127.04034,37.54789],[127.04034,37.54789],[127.04034,37.54789],[127.04449,37.54808]]]}},{"type":"Feature","properties":{"cd":"POI026","nm":"미아사거리역","cat":"인구밀집지역","lon":127.030741,"lat":37.612195},"geometry":{"type":"Polygon","coordinates":[[[127.02895,37.61661],[127.03128,37.61653],[127.03136,37.61555],[127.03158,37.61552],[127.03182,37.61504],[127.0323,37.6148],[127.03268,37.61424],[127.03286,37.61264],[127.03325,37.61174],[127.03387,37.61257],[127.0344,37.61219],[127.03451,37.61225],[127.03492,37.61194],[127.03506,37.61161],[127.03247,37.61021],[127.03209,37.60928],[127.03169,37.60894],[127.02918,37.6078],[127.02827,37.60784],[127.02794,37.60844],[127.029,37.60951],[127.02904,37.60998],[127.02881,37.61007],[127.02857,37.61051],[127.02853,37.61153],[127.02919,37.61153],[127.02929,37.61183],[127.02933,37.61235],[127.02849,37.61252],[127.02862,37.61281],[127.0284,37.61343],[127.02835,37.61462],[127.02848,37.61474],[127.02848,37.61517],[127.02902,37.61517],[127.02895,37.61661]]]}},{"type":"Feature","properties":{"cd":"POI027","nm":"발산역","cat":"인구밀집지역","lon":126.839176,"lat":37.559152},"geometry":{"type":"Polygon","coordinates":[[[126.83894,37.56336],[126.84083,37.56305],[126.83997,37.56053],[126.84144,37.56026],[126.84116,37.55936],[126.84524,37.55899],[126.84458,37.55794],[126.84572,37.55781],[126.84563,37.5571],[126.84565,37.55698],[126.84487,37.55708],[126.84486,37.55721],[126.84462,37.55733],[126.84434,37.55683],[126.84472,37.55644],[126.84471,37.55633],[126.84462,37.55621],[126.84396,37.55609],[126.84396,37.55627],[126.84351,37.55627],[126.84365,37.55646],[126.84346,37.5566],[126.84362,37.55699],[126.84261,37.55701],[126.84256,37.55668],[126.84186,37.55678],[126.84192,37.55707],[126.84091,37.55718],[126.83871,37.5574],[126.8384,37.55746],[126.83775,37.55536],[126.83649,37.55546],[126.83746,37.55855],[126.83317,37.5589],[126.83349,37.56128],[126.83815,37.56084],[126.83894,37.56336]]]}},{"type":"Feature","properties":{"cd":"POI029","nm":"사당역","cat":"인구밀집지역","lon":126.981264,"lat":37.47793},"geometry":{"type":"Polygon","coordinates":[[[126.97836,37.47728],[126.97801,37.4776],[126.97827,37.47782],[126.97791,37.47842],[126.97807,37.48076],[126.98537,37.48047],[126.98526,37.47875],[126.98392,37.47882],[126.98392,37.4788],[126.98391,37.47861],[126.98388,37.47783],[126.98452,37.47759],[126.9852,37.47735],[126.98554,37.47679],[126.9853,37.47674],[126.98478,37.47683],[126.98457,37.47615],[126.98303,37.47641],[126.98171,37.47656],[126.98177,37.47583],[126.98181,37.47526],[126.98186,37.47476],[126.98199,37.4743],[126.98208,37.47405],[126.98195,37.47401],[126.98125,37.47383],[126.98125,37.47383],[126.98071,37.47369],[126.98029,37.47355],[126.98023,37.47409],[126.98011,37.47522],[126.97973,37.47514],[126.97871,37.47489],[126.97863,37.47477],[126.97834,37.47477],[126.97835,37.47593],[126.97835,37.47619],[126.97873,37.47621],[126.97872,37.47661],[126.97836,37.4766],[126.97836,37.47728]]]}},{"type":"Feature","properties":{"cd":"POI030","nm":"삼각지역","cat":"인구밀집지역","lon":126.973886,"lat":37.535342},"geometry":{"type":"Polygon","coordinates":[[[126.97385,37.53691],[126.97497,37.53702],[126.975,37.53595],[126.97505,37.53537],[126.97508,37.53529],[126.97507,37.53528],[126.97527,37.53502],[126.97591,37.53477],[126.97571,37.53418],[126.9751,37.53455],[126.97374,37.5342],[126.97372,37.534],[126.9737,37.53399],[126.97314,37.53403],[126.97314,37.53403],[126.97233,37.53412],[126.97204,37.5343],[126.97326,37.53557],[126.97326,37.53558],[126.97184,37.53603],[126.97207,37.53651],[126.97342,37.53607],[126.97372,37.5361],[126.97388,37.53623],[126.97397,37.53645],[126.97385,37.53691]]]}},{"type":"Feature","properties":{"cd":"POI031","nm":"서울대입구역","cat":"인구밀집지역","lon":126.953061,"lat":37.480612},"geometry":{"type":"Polygon","coordinates":[[[126.95468,37.48225],[126.95505,37.48204],[126.95542,37.4813],[126.95565,37.48083],[126.95568,37.48077],[126.95576,37.48056],[126.95582,37.48013],[126.95547,37.48026],[126.95538,37.47962],[126.95562,37.47858],[126.95431,37.47893],[126.95385,37.47804],[126.9535,37.47807],[126.95229,37.47817],[126.95231,37.47872],[126.95143,37.47877],[126.95133,37.47878],[126.95057,37.47886],[126.95015,37.4789],[126.95069,37.48239],[126.95183,37.48227],[126.95198,37.48226],[126.95227,37.48223],[126.95254,37.48219],[126.95332,37.48318],[126.954,37.48356],[126.95536,37.48317],[126.95468,37.48225]]]}},{"type":"Feature","properties":{"cd":"POI032","nm":"서울식물원·마곡나루역","cat":"인구밀집지역","lon":126.831061,"lat":37.567597},"geometry":{"type":"Polygon","coordinates":[[[126.82439,37.56342],[126.82507,37.56847],[126.82806,37.56825],[126.82794,37.56741],[126.83004,37.56731],[126.83049,37.56755],[126.83124,37.57257],[126.8344,37.57229],[126.83759,37.5704],[126.8345,37.56759],[126.83394,37.56371],[126.82614,37.56446],[126.82439,37.56342]]]}},{"type":"Feature","properties":{"cd":"POI033","nm":"서울역","cat":"인구밀집지역","lon":126.973034,"lat":37.556596},"geometry":{"type":"Polygon","coordinates":[[[126.97241,37.55465],[126.97241,37.55465],[126.97241,37.55488],[126.97241,37.55488],[126.97149,37.55488],[126.97147,37.55486],[126.97146,37.55454],[126.97179,37.55421],[126.97179,37.55421],[126.97179,37.55421],[126.97179,37.5542],[126.97179,37.5542],[126.97179,37.5542],[126.97179,37.5542],[126.97179,37.5542],[126.97179,37.5542],[126.97179,37.5542],[126.97179,37.55419],[126.97179,37.55419],[126.97178,37.55419],[126.97169,37.55414],[126.97169,37.55414],[126.97169,37.55414],[126.97159,37.55408],[126.97159,37.55408],[126.97144,37.55402],[126.97144,37.55402],[126.97144,37.55402],[126.97126,37.55396],[126.97125,37.55396],[126.97112,37.55392],[126.97112,37.55392],[126.97112,37.55392],[126.97099,37.5539],[126.97099,37.5539],[126.97099,37.5539],[126.9708,37.55388],[126.9708,37.55388],[126.9708,37.55388],[126.97068,37.55388],[126.97059,37.55388],[126.97059,37.55388],[126.97058,37.55388],[126.97051,37.55388],[126.97044,37.55388],[126.97044,37.55388],[126.97044,37.55388],[126.97025,37.55392],[126.97025,37.55392],[126.97025,37.55392],[126.97005,37.55396],[126.97005,37.55396],[126.97004,37.55396],[126.96989,37.55401],[126.96989,37.55401],[126.96989,37.55401],[126.96979,37.55405],[126.96979,37.55405],[126.96979,37.55405],[126.96967,37.5541],[126.96967,37.5541],[126.96967,37.5541],[126.96967,37.5541],[126.96967,37.5541],[126.96967,37.5541],[126.96967,37.55411],[126.96967,37.55411],[126.96967,37.55411],[126.96967,37.55411],[126.96967,37.55411],[126.96995,37.55446],[126.96995,37.55488],[126.96973,37.55488],[126.96974,37.5543],[126.96974,37.5543],[126.96974,37.5543],[126.96974,37.5543],[126.96973,37.5543],[126.96973,37.5543],[126.96973,37.5543],[126.96973,37.55429],[126.96973,37.55429],[126.96973,37.55429],[126.96972,37.55429],[126.96934,37.5543],[126.96934,37.5543],[126.96934,37.5543],[126.96933,37.5543],[126.96933,37.5543],[126.96933,37.5543],[126.96933,37.5543],[126.96933,37.55431],[126.96933,37.55431],[126.96933,37.55431],[126.96932,37.55488],[126.96918,37.55488],[126.96918,37.55488],[126.96917,37.55488],[126.96917,37.55488],[126.96917,37.55488],[126.96917,37.55488],[126.96919,37.55566],[126.96919,37.55566],[126.96919,37.55566],[126.96919,37.55587],[126.9692,37.55593],[126.9692,37.55599],[126.9692,37.55603],[126.9692,37.55606],[126.96921,37.55621],[126.96922,37.55647],[126.96922,37.55654],[126.96922,37.55655],[126.96922,37.5567],[126.96922,37.5567],[126.96922,37.55673],[126.96922,37.55682],[126.96923,37.55683],[126.96923,37.55684],[126.96923,37.55686],[126.96924,37.55704],[126.96924,37.55707],[126.96925,37.55725],[126.96925,37.55727],[126.96926,37.5573],[126.96927,37.5574],[126.96928,37.55744],[126.96929,37.55746],[126.9693,37.55748],[126.96935,37.55761],[126.96937,37.55767],[126.96941,37.55778],[126.96945,37.55788],[126.96948,37.558],[126.96949,37.55813],[126.96949,37.55823],[126.96949,37.55829],[126.96949,37.55832],[126.9695,37.55832],[126.9695,37.55853],[126.96949,37.55862],[126.96949,37.55873],[126.96949,37.55877],[126.96949,37.55878],[126.96949,37.55879],[126.96949,37.5588],[126.96949,37.5588],[126.96948,37.55901],[126.96948,37.55919],[126.96948,37.55921],[126.96948,37.55921],[126.96964,37.55921],[126.97009,37.55922],[126.97008,37.55927],[126.97008,37.55927],[126.97008,37.55927],[126.97008,37.55927],[126.97008,37.55927],[126.97057,37.55931],[126.97069,37.55935],[126.97069,37.55935],[126.97072,37.55936],[126.97083,37.55936],[126.97088,37.55937],[126.97088,37.55935],[126.97093,37.55928],[126.97096,37.5592],[126.971,37.55909],[126.97092,37.55906],[126.97101,37.55898],[126.97106,37.55893],[126.97107,37.55888],[126.97123,37.55878],[126.97131,37.55873],[126.97131,37.55873],[126.97131,37.55873],[126.97134,37.55872],[126.97134,37.55871],[126.97137,37.55873],[126.97153,37.55889],[126.97157,37.55892],[126.97159,37.55894],[126.97162,37.55897],[126.97162,37.55898],[126.97168,37.55902],[126.9718,37.55912],[126.97181,37.55913],[126.97186,37.55916],[126.97195,37.55921],[126.97195,37.55922],[126.97197,37.55924],[126.97198,37.55925],[126.97204,37.5593],[126.9721,37.55936],[126.97217,37.55942],[126.97219,37.55944],[126.9722,37.55944],[126.97223,37.55947],[126.97227,37.5595],[126.97229,37.55952],[126.97229,37.55953],[126.9723,37.55954],[126.97244,37.55957],[126.97249,37.55956],[126.97249,37.55956],[126.97252,37.55957],[126.97257,37.55957],[126.97262,37.55957],[126.97271,37.55958],[126.97293,37.5596],[126.97305,37.5596],[126.97306,37.55961],[126.97321,37.55962],[126.97327,37.55962],[126.97333,37.55963],[126.97337,37.55963],[126.9734,37.55963],[126.97346,37.55964],[126.97353,37.55964],[126.97354,37.55964],[126.97359,37.55965],[126.97368,37.55965],[126.97374,37.55966],[126.97374,37.55966],[126.97376,37.55966],[126.97386,37.55967],[126.97394,37.55968],[126.97406,37.55969],[126.97406,37.55967],[126.9741,37.55962],[126.97412,37.55959],[126.97418,37.55951],[126.9745,37.55962],[126.97458,37.55966],[126.97457,37.55967],[126.97464,37.5597],[126.97472,37.5597],[126.97479,37.55966],[126.97481,37.55964],[126.97482,37.55964],[126.97483,37.55964],[126.97493,37.55964],[126.97532,37.55964],[126.97532,37.55957],[126.97537,37.55959],[126.9754,37.55953],[126.97541,37.55953],[126.97543,37.55947],[126.97558,37.55947],[126.9756,37.55949],[126.97568,37.55929],[126.97577,37.55908],[126.9758,37.559],[126.97582,37.55894],[126.97591,37.55872],[126.97593,37.55866],[126.97593,37.55866],[126.976,37.55849],[126.97601,37.55847],[126.97602,37.55846],[126.97603,37.55844],[126.97604,37.5584],[126.97608,37.55832],[126.9761,37.55826],[126.97613,37.5582],[126.97622,37.55793],[126.97622,37.55792],[126.97628,37.55775],[126.97634,37.55742],[126.9764,37.55705],[126.97641,37.55703],[126.97641,37.55703],[126.97644,37.55683],[126.97653,37.55664],[126.97654,37.55661],[126.97664,37.55648],[126.97668,37.55642],[126.97671,37.55638],[126.97672,37.55637],[126.97674,37.55633],[126.97679,37.55626],[126.97679,37.55624],[126.97683,37.55618],[126.97685,37.55615],[126.97686,37.55607],[126.97686,37.55605],[126.97683,37.55597],[126.97679,37.55583],[126.97661,37.55546],[126.97655,37.55522],[126.97652,37.55465],[126.97651,37.55422],[126.9765,37.55421],[126.9765,37.5542],[126.9765,37.55418],[126.9765,37.55407],[126.97646,37.55352],[126.97646,37.55352],[126.97646,37.55351],[126.97643,37.55323],[126.97643,37.55316],[126.97643,37.55309],[126.97643,37.55309],[126.97643,37.55309],[126.9764,37.5531],[126.97635,37.55313],[126.97601,37.5533],[126.9759,37.55335],[126.97583,37.55339],[126.97583,37.55339],[126.97535,37.55344],[126.97447,37.55353],[126.97435,37.55355],[126.97435,37.55355],[126.97433,37.55356],[126.97335,37.55411],[126.97334,37.55412],[126.97311,37.55425],[126.97311,37.55426],[126.97309,37.55426],[126.97298,37.5543],[126.97295,37.55434],[126.97295,37.55434],[126.97281,37.55442],[126.97241,37.55465]]]}},{"type":"Feature","properties":{"cd":"POI034","nm":"선릉역","cat":"인구밀집지역","lon":127.049808,"lat":37.506054},"geometry":{"type":"Polygon","coordinates":[[[127.05297,37.50853],[127.05368,37.50878],[127.0542,37.50772],[127.05563,37.5083],[127.05725,37.5053],[127.05642,37.50507],[127.0558,37.50483],[127.05607,37.50429],[127.05182,37.50285],[127.05232,37.50182],[127.05063,37.50127],[127.04987,37.50297],[127.04887,37.50265],[127.04761,37.50294],[127.04489,37.50222],[127.04467,37.50259],[127.04323,37.50213],[127.04181,37.50519],[127.04502,37.50462],[127.04531,37.50557],[127.04518,37.50564],[127.04551,37.50605],[127.04671,37.50536],[127.04687,37.50548],[127.04725,37.50522],[127.0479,37.50549],[127.04767,37.50589],[127.04681,37.50638],[127.04732,37.50701],[127.04693,37.50731],[127.04636,37.50762],[127.04555,37.50807],[127.045,37.5085],[127.04439,37.50925],[127.04606,37.51],[127.05009,37.51118],[127.05195,37.50939],[127.05297,37.50853]]]}},{"type":"Feature","properties":{"cd":"POI035","nm":"성신여대입구역","cat":"인구밀집지역","lon":127.016853,"lat":37.592389},"geometry":{"type":"Polygon","coordinates":[[[127.01662,37.5946],[127.01665,37.59458],[127.01664,37.59458],[127.01723,37.59418],[127.01723,37.59417],[127.01774,37.5938],[127.01774,37.5938],[127.01843,37.59331],[127.01844,37.59331],[127.01894,37.59256],[127.0188,37.59183],[127.01863,37.59164],[127.01867,37.59141],[127.01887,37.59104],[127.01695,37.59048],[127.01695,37.59049],[127.01681,37.59044],[127.01603,37.59096],[127.0155,37.59116],[127.0152,37.59126],[127.01496,37.59224],[127.01494,37.59234],[127.01493,37.59234],[127.01486,37.59238],[127.01485,37.59238],[127.01466,37.59246],[127.01488,37.59296],[127.01488,37.59296],[127.01511,37.59343],[127.01553,37.59377],[127.01662,37.5946]]]}},{"type":"Feature","properties":{"cd":"POI036","nm":"수유역","cat":"인구밀집지역","lon":127.025695,"lat":37.641484},"geometry":{"type":"Polygon","coordinates":[[[127.02268,37.64363],[127.0238,37.64494],[127.02402,37.64475],[127.02469,37.64514],[127.02463,37.64523],[127.02488,37.64548],[127.02545,37.64517],[127.02546,37.64517],[127.02558,37.64531],[127.02573,37.64549],[127.0258,37.64556],[127.02595,37.6457],[127.02616,37.6456],[127.0263,37.64554],[127.02662,37.64539],[127.02668,37.64537],[127.02695,37.64525],[127.02709,37.64518],[127.02709,37.64518],[127.02732,37.64508],[127.02736,37.64506],[127.02756,37.64496],[127.02761,37.64493],[127.02767,37.64489],[127.02769,37.64488],[127.02777,37.64483],[127.02785,37.64478],[127.02793,37.64473],[127.02794,37.64472],[127.02798,37.6447],[127.028,37.64469],[127.02804,37.64466],[127.02815,37.64459],[127.02816,37.64458],[127.02827,37.64451],[127.02829,37.6445],[127.0283,37.64449],[127.02842,37.64442],[127.02849,37.64437],[127.02856,37.64433],[127.02857,37.64432],[127.02858,37.64432],[127.02858,37.64431],[127.0286,37.6443],[127.02864,37.64427],[127.02875,37.64421],[127.02879,37.64418],[127.02881,37.64417],[127.0289,37.64411],[127.02911,37.64397],[127.02915,37.64395],[127.02916,37.64394],[127.02949,37.64373],[127.02975,37.64357],[127.03011,37.64334],[127.03031,37.64321],[127.03072,37.64295],[127.03083,37.64288],[127.03085,37.64287],[127.03086,37.64287],[127.03085,37.64286],[127.03084,37.64285],[127.03074,37.64276],[127.03064,37.64267],[127.03062,37.64265],[127.03061,37.64264],[127.03043,37.64248],[127.03041,37.64246],[127.03038,37.64243],[127.03031,37.64236],[127.02998,37.64205],[127.02997,37.64205],[127.02988,37.64196],[127.02963,37.64172],[127.0294,37.64151],[127.02939,37.6415],[127.02936,37.64148],[127.02915,37.64127],[127.02911,37.64124],[127.02909,37.64122],[127.029,37.64114],[127.02889,37.64104],[127.02883,37.64098],[127.02881,37.64096],[127.02877,37.64093],[127.02869,37.64085],[127.02866,37.64082],[127.02861,37.64078],[127.0286,37.64077],[127.02852,37.64069],[127.0285,37.64067],[127.02848,37.64065],[127.02843,37.64061],[127.02842,37.6406],[127.02838,37.64056],[127.02836,37.64053],[127.02835,37.64053],[127.02834,37.64052],[127.02828,37.64047],[127.0281,37.6403],[127.02796,37.64017],[127.02795,37.64016],[127.02876,37.63958],[127.0283,37.63914],[127.02816,37.63905],[127.02752,37.63864],[127.02682,37.63911],[127.0268,37.63909],[127.02669,37.63898],[127.02661,37.63891],[127.02653,37.63884],[127.02649,37.6388],[127.02648,37.63879],[127.02645,37.63876],[127.02628,37.6386],[127.02597,37.63831],[127.02562,37.63798],[127.02561,37.63797],[127.02535,37.63773],[127.02507,37.63747],[127.02489,37.6373],[127.0247,37.63713],[127.02458,37.63702],[127.02452,37.63696],[127.02444,37.63688],[127.02439,37.63684],[127.02429,37.63674],[127.02419,37.63665],[127.0241,37.63656],[127.02399,37.63646],[127.02393,37.63641],[127.02382,37.63631],[127.0237,37.63619],[127.02368,37.63617],[127.02364,37.63614],[127.02362,37.63611],[127.02359,37.63609],[127.02357,37.63608],[127.0235,37.63604],[127.02345,37.636],[127.02328,37.6359],[127.02321,37.63591],[127.0232,37.63601],[127.02318,37.63615],[127.0231,37.63612],[127.0231,37.63603],[127.02305,37.63603],[127.02303,37.63623],[127.02302,37.63625],[127.02299,37.63658],[127.02292,37.63726],[127.0229,37.63752],[127.02287,37.63774],[127.02287,37.63774],[127.02286,37.63779],[127.02286,37.63787],[127.02283,37.63809],[127.02281,37.63825],[127.02277,37.63867],[127.02273,37.63903],[127.02272,37.63904],[127.02272,37.63905],[127.02267,37.63956],[127.02266,37.63961],[127.02265,37.63972],[127.02264,37.6398],[127.0226,37.64018],[127.02256,37.64055],[127.02254,37.64071],[127.02246,37.64139],[127.02243,37.64167],[127.02243,37.64167],[127.0224,37.64197],[127.02238,37.64215],[127.02233,37.64254],[127.0222,37.64266],[127.02212,37.64324],[127.02257,37.64366],[127.02268,37.64363]]]}},{"type":"Feature","properties":{"cd":"POI037","nm":"신논현역·논현역","cat":"인구밀집지역","lon":127.023406,"lat":37.50808},"geometry":{"type":"Polygon","coordinates":[[[127.02106,37.51102],[127.02282,37.51151],[127.02438,37.50818],[127.02547,37.50846],[127.0265,37.50625],[127.02601,37.50609],[127.02648,37.50506],[127.02423,37.50442],[127.02228,37.50846],[127.02188,37.50836],[127.0218,37.50841],[127.02099,37.50816],[127.02081,37.50859],[127.01983,37.51068],[127.02105,37.51103],[127.02106,37.51102]]]}},{"type":"Feature","properties":{"cd":"POI038","nm":"신도림역","cat":"인구밀집지역","lon":126.890201,"lat":37.509098},"geometry":{"type":"Polygon","coordinates":[[[126.89228,37.50906],[126.89228,37.50906],[126.89212,37.50899],[126.8916,37.50877],[126.89146,37.50871],[126.8914,37.50868],[126.89103,37.50851],[126.89094,37.50846],[126.89039,37.50821],[126.89022,37.5081],[126.88941,37.5076],[126.88927,37.50772],[126.88897,37.50803],[126.88859,37.50842],[126.88838,37.50841],[126.88792,37.50886],[126.88861,37.50931],[126.88919,37.50961],[126.88935,37.50969],[126.89,37.51],[126.89036,37.51017],[126.8904,37.5102],[126.89056,37.51028],[126.89075,37.51037],[126.8909,37.51044],[126.89101,37.51036],[126.89102,37.51035],[126.89106,37.51031],[126.8911,37.51031],[126.89127,37.51033],[126.89142,37.51035],[126.89145,37.51035],[126.89166,37.51028],[126.89169,37.51026],[126.89185,37.5101],[126.89186,37.51008],[126.89194,37.50992],[126.89199,37.5098],[126.89199,37.5098],[126.89205,37.50953],[126.89207,37.50944],[126.89208,37.50944],[126.89211,37.5093],[126.89214,37.50927],[126.89233,37.5091],[126.89234,37.50909],[126.89228,37.50906]]]}},{"type":"Feature","properties":{"cd":"POI039","nm":"신림역","cat":"인구밀집지역","lon":126.929334,"lat":37.484676},"geometry":{"type":"Polygon","coordinates":[[[126.92767,37.48418],[126.92719,37.48485],[126.92775,37.48497],[126.92713,37.48721],[126.92842,37.48745],[126.92952,37.48774],[126.9301,37.48774],[126.93055,37.48664],[126.93088,37.48549],[126.93228,37.48575],[126.93238,37.48525],[126.93343,37.48538],[126.93343,37.4849],[126.93038,37.48451],[126.93047,37.48418],[126.93084,37.48389],[126.93129,37.48381],[126.9312,37.48338],[126.93119,37.48244],[126.93086,37.48246],[126.93063,37.48219],[126.92975,37.48248],[126.92983,37.48158],[126.92993,37.48115],[126.92994,37.48107],[126.92997,37.48099],[126.92976,37.48087],[126.92918,37.48153],[126.92873,37.48192],[126.92746,37.48286],[126.92604,37.48399],[126.92767,37.48418]]]}},{"type":"Feature","properties":{"cd":"POI040","nm":"신촌·이대역","cat":"인구밀집지역","lon":126.938969,"lat":37.557035},"geometry":{"type":"Polygon","coordinates":[[[126.93686,37.5551],[126.93686,37.5551],[126.93662,37.55488],[126.93641,37.5547],[126.93613,37.55453],[126.93609,37.5545],[126.93605,37.55448],[126.93595,37.55443],[126.93579,37.55433],[126.93572,37.55429],[126.93571,37.55428],[126.93532,37.55405],[126.93523,37.554],[126.9352,37.55398],[126.93519,37.55398],[126.93517,37.55396],[126.93517,37.55396],[126.93517,37.55396],[126.93505,37.55389],[126.93494,37.55383],[126.93493,37.55382],[126.93479,37.55375],[126.93469,37.55368],[126.93459,37.55362],[126.93459,37.55362],[126.93458,37.55362],[126.93451,37.55357],[126.93447,37.55354],[126.93441,37.5535],[126.9344,37.55349],[126.93439,37.55347],[126.93437,37.55347],[126.93431,37.55342],[126.9343,37.5534],[126.93428,37.55339],[126.93425,37.55337],[126.93423,37.55335],[126.9342,37.55331],[126.93416,37.55329],[126.93412,37.55332],[126.93406,37.55336],[126.93402,37.5534],[126.93394,37.55345],[126.93386,37.55352],[126.93384,37.55353],[126.93382,37.55354],[126.93365,37.55367],[126.93339,37.55387],[126.93315,37.55403],[126.93304,37.55411],[126.93297,37.55415],[126.93294,37.55417],[126.93289,37.55419],[126.93287,37.5542],[126.93269,37.5543],[126.93258,37.55438],[126.93256,37.55439],[126.93254,37.5544],[126.93251,37.55439],[126.93212,37.55465],[126.9321,37.55469],[126.9321,37.55474],[126.93226,37.55476],[126.93234,37.55476],[126.93239,37.55477],[126.93241,37.55477],[126.93264,37.55479],[126.93266,37.55479],[126.93267,37.55479],[126.93269,37.55476],[126.93274,37.55465],[126.93276,37.55461],[126.93279,37.55456],[126.93282,37.55451],[126.93284,37.55447],[126.93287,37.55444],[126.93288,37.55442],[126.9329,37.55443],[126.933,37.55447],[126.93307,37.5545],[126.93311,37.55451],[126.93311,37.55451],[126.93313,37.55452],[126.93318,37.55461],[126.93321,37.55468],[126.93331,37.55483],[126.93333,37.55488],[126.93338,37.55487],[126.93343,37.55485],[126.93366,37.55476],[126.9337,37.55473],[126.93365,37.55465],[126.93359,37.55455],[126.93355,37.55447],[126.9335,37.55439],[126.93349,37.55437],[126.93351,37.55436],[126.93368,37.5543],[126.93377,37.55427],[126.9341,37.55416],[126.93424,37.55411],[126.93428,37.5541],[126.93432,37.5542],[126.93444,37.55441],[126.93447,37.55447],[126.93447,37.55448],[126.93457,37.55466],[126.93458,37.55466],[126.93461,37.55474],[126.93467,37.55485],[126.93463,37.55487],[126.93461,37.55488],[126.93425,37.555],[126.93416,37.55503],[126.9341,37.55506],[126.93412,37.55508],[126.93421,37.55525],[126.93431,37.55542],[126.93426,37.55547],[126.93444,37.5554],[126.93447,37.55539],[126.93454,37.55537],[126.93456,37.5554],[126.93461,37.55548],[126.93461,37.5555],[126.93464,37.55554],[126.93469,37.55562],[126.93473,37.55569],[126.93481,37.55583],[126.93482,37.55585],[126.9348,37.55585],[126.93459,37.55593],[126.93451,37.55596],[126.93439,37.556],[126.93405,37.55613],[126.93404,37.55613],[126.93376,37.55623],[126.93368,37.55626],[126.93347,37.55633],[126.93323,37.55642],[126.93308,37.55647],[126.93288,37.55654],[126.93281,37.55657],[126.93283,37.55674],[126.93286,37.55689],[126.9329,37.55712],[126.93349,37.5569],[126.93375,37.55681],[126.93375,37.55681],[126.93387,37.55677],[126.93403,37.55671],[126.93424,37.55709],[126.93449,37.557],[126.93454,37.55698],[126.93474,37.55733],[126.93493,37.55771],[126.93495,37.55779],[126.93495,37.55813],[126.93497,37.55853],[126.93497,37.55893],[126.93487,37.55896],[126.93455,37.55904],[126.93446,37.55912],[126.93457,37.55913],[126.93461,37.55913],[126.93508,37.55918],[126.93553,37.55922],[126.93598,37.55926],[126.93651,37.5593],[126.93679,37.55932],[126.93692,37.55932],[126.93692,37.55934],[126.93692,37.5596],[126.93692,37.5598],[126.93692,37.56007],[126.93945,37.56011],[126.94037,37.56024],[126.94038,37.55994],[126.94039,37.55971],[126.9404,37.55935],[126.9404,37.55926],[126.94041,37.5592],[126.94045,37.55912],[126.94053,37.55911],[126.94055,37.5591],[126.94085,37.55911],[126.9412,37.55911],[126.94158,37.55911],[126.94238,37.55911],[126.94273,37.55912],[126.94338,37.55913],[126.94345,37.55913],[126.94361,37.55913],[126.94363,37.55913],[126.94366,37.55867],[126.94369,37.55868],[126.94384,37.55869],[126.94398,37.5587],[126.94406,37.5587],[126.94457,37.55872],[126.94458,37.55872],[126.94493,37.55873],[126.94499,37.55874],[126.94563,37.55877],[126.94572,37.55877],[126.94573,37.55875],[126.94582,37.55876],[126.94613,37.55877],[126.94613,37.55872],[126.94614,37.55859],[126.94654,37.5586],[126.94655,37.55848],[126.94655,37.55842],[126.94658,37.55809],[126.9466,37.55779],[126.94664,37.55743],[126.94664,37.5574],[126.94662,37.5574],[126.9466,37.5574],[126.94624,37.55738],[126.94607,37.55737],[126.94593,37.55736],[126.94585,37.55735],[126.94585,37.55734],[126.94588,37.55694],[126.94588,37.55691],[126.94589,37.55681],[126.9454,37.55678],[126.94538,37.55678],[126.94531,37.55678],[126.94469,37.55674],[126.94469,37.55674],[126.9442,37.55672],[126.9435,37.55667],[126.94332,37.55666],[126.94287,37.55663],[126.94287,37.55663],[126.9425,37.55661],[126.94225,37.5566],[126.94225,37.5566],[126.94137,37.55655],[126.94107,37.55648],[126.94106,37.55648],[126.94107,37.55644],[126.94114,37.55627],[126.94123,37.55604],[126.94125,37.55598],[126.94122,37.55598],[126.94117,37.55596],[126.94106,37.55593],[126.94095,37.55589],[126.94093,37.55588],[126.94089,37.55587],[126.9406,37.55577],[126.94048,37.55573],[126.94033,37.55568],[126.94027,37.55566],[126.94023,37.55565],[126.94028,37.55556],[126.94035,37.55544],[126.94041,37.55533],[126.94044,37.55526],[126.94047,37.5552],[126.94047,37.5552],[126.94048,37.55516],[126.94056,37.55504],[126.94053,37.55502],[126.94048,37.55497],[126.94046,37.55493],[126.94046,37.5549],[126.94046,37.55489],[126.94043,37.5549],[126.94039,37.55492],[126.94036,37.55494],[126.94031,37.55497],[126.9403,37.55499],[126.94028,37.555],[126.94027,37.55501],[126.9402,37.55505],[126.94016,37.55508],[126.94011,37.55511],[126.94006,37.55513],[126.94,37.55517],[126.93997,37.55515],[126.93994,37.55513],[126.93995,37.55512],[126.93997,37.55508],[126.93998,37.55503],[126.93999,37.55499],[126.94002,37.55495],[126.94005,37.55491],[126.94009,37.55484],[126.94011,37.5548],[126.94015,37.55473],[126.94021,37.55464],[126.94021,37.55463],[126.94027,37.55452],[126.94032,37.55441],[126.94033,37.55439],[126.9403,37.55439],[126.93995,37.55427],[126.9397,37.55419],[126.93958,37.55415],[126.93953,37.55413],[126.93919,37.55402],[126.93917,37.55401],[126.93906,37.55398],[126.93904,37.55397],[126.93894,37.55394],[126.93884,37.5539],[126.93882,37.55389],[126.93871,37.55385],[126.93866,37.55384],[126.93857,37.55382],[126.93852,37.55379],[126.93832,37.55369],[126.93825,37.55365],[126.93809,37.55357],[126.93787,37.55346],[126.93779,37.55343],[126.93777,37.55341],[126.93769,37.55338],[126.93767,37.55337],[126.93759,37.55333],[126.9374,37.55324],[126.93732,37.5532],[126.93717,37.55319],[126.93712,37.55345],[126.93712,37.55346],[126.93712,37.55351],[126.93711,37.55359],[126.93707,37.55381],[126.93705,37.5539],[126.93702,37.55411],[126.937,37.5542],[126.93699,37.55427],[126.93699,37.5543],[126.93693,37.55456],[126.93693,37.55459],[126.93688,37.55504],[126.93687,37.5551],[126.93686,37.5551]]]}},{"type":"Feature","properties":{"cd":"POI041","nm":"양재역","cat":"인구밀집지역","lon":127.033969,"lat":37.485339},"geometry":{"type":"Polygon","coordinates":[[[127.03523,37.48184],[127.03506,37.48202],[127.03498,37.48208],[127.03481,37.48224],[127.03467,37.48238],[127.03461,37.48251],[127.03453,37.48267],[127.03444,37.4828],[127.03444,37.4828],[127.03441,37.48282],[127.03405,37.48307],[127.03367,37.48383],[127.03361,37.48416],[127.03356,37.48441],[127.03224,37.48426],[127.03221,37.48425],[127.02983,37.48398],[127.02938,37.48616],[127.03158,37.4855],[127.03077,37.48732],[127.03247,37.48785],[127.03237,37.48803],[127.03401,37.48846],[127.03443,37.48852],[127.03486,37.48811],[127.03514,37.48763],[127.0352,37.48746],[127.03524,37.48739],[127.03606,37.48645],[127.0361,37.48641],[127.03633,37.48653],[127.03669,37.48607],[127.03674,37.48601],[127.03689,37.48586],[127.03728,37.48571],[127.03736,37.48566],[127.0375,37.48549],[127.03732,37.48502],[127.03734,37.485],[127.03748,37.48484],[127.03749,37.48484],[127.03749,37.48484],[127.03749,37.48482],[127.0376,37.48468],[127.03768,37.48452],[127.03772,37.48446],[127.03774,37.48443],[127.03785,37.48417],[127.0379,37.48405],[127.03805,37.48366],[127.03805,37.48365],[127.03801,37.48363],[127.03749,37.48341],[127.03747,37.4834],[127.03672,37.48307],[127.03623,37.48275],[127.03622,37.48274],[127.03603,37.48262],[127.03601,37.4826],[127.03623,37.4824],[127.03624,37.48238],[127.03533,37.48182],[127.03523,37.48184]]]}},{"type":"Feature","properties":{"cd":"POI042","nm":"역삼역","cat":"인구밀집지역","lon":127.038185,"lat":37.500392},"geometry":{"type":"Polygon","coordinates":[[[127.0332,37.50152],[127.03357,37.50184],[127.03523,37.50237],[127.03548,37.50197],[127.04055,37.50355],[127.04115,37.50393],[127.0418,37.5041],[127.04444,37.49858],[127.04334,37.49795],[127.04162,37.50095],[127.03894,37.50016],[127.03971,37.49832],[127.03779,37.4977],[127.03677,37.49755],[127.03633,37.49646],[127.03475,37.49686],[127.0337,37.49911],[127.03307,37.49892],[127.03289,37.4993],[127.03396,37.4997],[127.0332,37.50152]]]}},{"type":"Feature","properties":{"cd":"POI043","nm":"연신내역","cat":"인구밀집지역","lon":126.920732,"lat":37.618661},"geometry":{"type":"Polygon","coordinates":[[[126.91867,37.61912],[126.91858,37.61915],[126.91858,37.61915],[126.91858,37.61915],[126.91852,37.61918],[126.91851,37.61919],[126.91851,37.61919],[126.91821,37.61932],[126.91805,37.61938],[126.91805,37.61938],[126.91804,37.61938],[126.91804,37.61938],[126.91797,37.61941],[126.91797,37.61941],[126.91794,37.61957],[126.91788,37.61994],[126.9184,37.62001],[126.91831,37.62043],[126.9185,37.62046],[126.91852,37.62046],[126.91843,37.62087],[126.91866,37.62091],[126.91897,37.62095],[126.91905,37.62053],[126.91924,37.62056],[126.91929,37.62056],[126.91932,37.62046],[126.91933,37.62039],[126.91935,37.62027],[126.91938,37.62018],[126.9194,37.62012],[126.9194,37.62009],[126.91948,37.61993],[126.91962,37.6197],[126.9203,37.62007],[126.9203,37.62007],[126.9204,37.6199],[126.92042,37.61985],[126.92053,37.61988],[126.9207,37.61992],[126.92067,37.61994],[126.92056,37.62012],[126.92054,37.62019],[126.92055,37.62021],[126.92057,37.62023],[126.92061,37.62034],[126.92061,37.62046],[126.92061,37.62047],[126.92058,37.62064],[126.92056,37.6207],[126.92088,37.62076],[126.92079,37.62085],[126.9208,37.62087],[126.92081,37.62087],[126.92084,37.62088],[126.92095,37.6209],[126.92116,37.62096],[126.92144,37.62103],[126.92145,37.62104],[126.92153,37.62084],[126.92158,37.62085],[126.9216,37.62075],[126.92163,37.62073],[126.92168,37.62058],[126.92169,37.62052],[126.92171,37.62047],[126.92177,37.62034],[126.92182,37.62024],[126.92185,37.62018],[126.92189,37.6201],[126.92171,37.62002],[126.92178,37.61992],[126.922,37.61961],[126.9223,37.61919],[126.92231,37.61917],[126.92231,37.61917],[126.92231,37.61917],[126.92231,37.61918],[126.92234,37.61921],[126.92248,37.61936],[126.92254,37.61942],[126.92266,37.61955],[126.92266,37.61955],[126.92266,37.61956],[126.92269,37.61959],[126.9229,37.61978],[126.92292,37.61979],[126.92293,37.6198],[126.92294,37.6198],[126.92306,37.6197],[126.92317,37.61965],[126.92326,37.61958],[126.92338,37.6195],[126.92338,37.61949],[126.92403,37.61979],[126.92395,37.6199],[126.92396,37.61991],[126.92406,37.61996],[126.92418,37.62002],[126.92425,37.62005],[126.92435,37.6201],[126.92443,37.62],[126.92442,37.61999],[126.92453,37.61973],[126.92422,37.61958],[126.92387,37.6194],[126.92377,37.61935],[126.92374,37.61931],[126.92377,37.6193],[126.92379,37.61929],[126.92382,37.61928],[126.92389,37.61928],[126.92394,37.61928],[126.92405,37.61927],[126.92409,37.61927],[126.92413,37.61927],[126.92439,37.61927],[126.92436,37.61912],[126.92435,37.61908],[126.9244,37.6191],[126.9245,37.61915],[126.92461,37.61921],[126.92474,37.61928],[126.92485,37.61933],[126.92486,37.61935],[126.92497,37.61941],[126.92501,37.61943],[126.92502,37.61956],[126.92496,37.61957],[126.92492,37.6196],[126.92485,37.61966],[126.92486,37.61967],[126.92495,37.61975],[126.92498,37.61977],[126.925,37.61978],[126.92504,37.61982],[126.92506,37.61983],[126.92508,37.61982],[126.92522,37.61972],[126.92533,37.61978],[126.92538,37.61977],[126.92543,37.6197],[126.92539,37.61956],[126.9254,37.61948],[126.92543,37.61943],[126.92549,37.61935],[126.92542,37.61932],[126.9254,37.61931],[126.92488,37.61902],[126.92468,37.61891],[126.92467,37.6189],[126.92459,37.61887],[126.92434,37.61878],[126.92433,37.61877],[126.92429,37.61875],[126.92411,37.61862],[126.924,37.6185],[126.92386,37.61833],[126.92379,37.61812],[126.9237,37.6182],[126.92362,37.61828],[126.92359,37.6183],[126.92355,37.61836],[126.92351,37.61841],[126.92343,37.61843],[126.9233,37.61845],[126.9232,37.61845],[126.92317,37.61844],[126.92288,37.61846],[126.92267,37.61848],[126.92253,37.61848],[126.92239,37.61845],[126.92218,37.61836],[126.9219,37.61821],[126.92184,37.61817],[126.9219,37.61809],[126.92204,37.61792],[126.92209,37.61786],[126.92223,37.61769],[126.92226,37.61765],[126.92242,37.61748],[126.92248,37.61741],[126.92234,37.6173],[126.92226,37.61725],[126.92196,37.61706],[126.92178,37.61717],[126.92199,37.61737],[126.92206,37.61732],[126.92211,37.6173],[126.92219,37.61739],[126.92207,37.61746],[126.92197,37.61738],[126.92191,37.61742],[126.92189,37.61743],[126.92187,37.61744],[126.92185,37.61744],[126.92182,37.61742],[126.92175,37.61744],[126.92169,37.61747],[126.92159,37.6176],[126.9214,37.6175],[126.92117,37.61737],[126.9213,37.61723],[126.92103,37.61707],[126.92068,37.61686],[126.92058,37.61694],[126.92054,37.61697],[126.92034,37.61667],[126.9203,37.61661],[126.92022,37.61649],[126.9199,37.61603],[126.91988,37.61605],[126.91952,37.61621],[126.91946,37.61623],[126.91945,37.61623],[126.9192,37.61633],[126.91902,37.6164],[126.91887,37.61647],[126.91881,37.61637],[126.91878,37.61638],[126.91862,37.61645],[126.91797,37.61671],[126.91802,37.61678],[126.91803,37.61679],[126.91842,37.61737],[126.91855,37.61757],[126.91867,37.61775],[126.91842,37.61786],[126.91825,37.61793],[126.91856,37.61839],[126.91857,37.61841],[126.91863,37.6185],[126.91896,37.61897],[126.91896,37.61899],[126.91896,37.61899],[126.91867,37.61912]]]}},{"type":"Feature","properties":{"cd":"POI044","nm":"오목교역·목동운동장","cat":"인구밀집지역","lon":126.876642,"lat":37.528811},"geometry":{"type":"Polygon","coordinates":[[[126.88547,37.53245],[126.8858,37.53249],[126.88683,37.53228],[126.88699,37.53202],[126.88654,37.53115],[126.8861,37.53028],[126.88575,37.52994],[126.88378,37.52914],[126.88104,37.52907],[126.88036,37.52862],[126.87791,37.52551],[126.87825,37.52414],[126.87837,37.52214],[126.87725,37.52229],[126.87466,37.52262],[126.86932,37.52336],[126.87083,37.53063],[126.87502,37.5312],[126.87502,37.53123],[126.87502,37.53123],[126.87507,37.5314],[126.87515,37.53175],[126.87529,37.53237],[126.8754,37.53288],[126.8754,37.53289],[126.8754,37.5329],[126.87561,37.5339],[126.87563,37.53397],[126.87576,37.53443],[126.87588,37.53473],[126.87614,37.53513],[126.87646,37.53552],[126.87648,37.53554],[126.87648,37.53554],[126.87672,37.53575],[126.87701,37.53598],[126.8822,37.53793],[126.88288,37.53637],[126.87838,37.53487],[126.87819,37.53469],[126.87791,37.53442],[126.87768,37.53402],[126.87759,37.53369],[126.87758,37.53365],[126.87708,37.53149],[126.87708,37.53149],[126.87708,37.53149],[126.87777,37.53158],[126.87912,37.53175],[126.88048,37.53188],[126.88081,37.53189],[126.88083,37.53189],[126.88145,37.5319],[126.88168,37.5319],[126.8823,37.53188],[126.88351,37.53178],[126.88352,37.53178],[126.88353,37.53177],[126.88487,37.53151],[126.8849,37.53151],[126.8853,37.53231],[126.88547,37.53245]]]}},{"type":"Feature","properties":{"cd":"POI045","nm":"왕십리역","cat":"인구밀집지역","lon":127.038901,"lat":37.562216},"geometry":{"type":"Polygon","coordinates":[[[127.03665,37.56593],[127.04161,37.5654],[127.04161,37.56541],[127.04166,37.56229],[127.04069,37.55838],[127.04043,37.55797],[127.03976,37.55805],[127.03872,37.55844],[127.0375,37.55904],[127.0368,37.55972],[127.03561,37.56119],[127.03602,37.56203],[127.03632,37.56314],[127.03665,37.56593]]]}},{"type":"Feature","properties":{"cd":"POI046","nm":"용산역","cat":"인구밀집지역","lon":126.960823,"lat":37.530256},"geometry":{"type":"Polygon","coordinates":[[[126.96489,37.53454],[126.96501,37.53484],[126.9667,37.53436],[126.96672,37.53416],[126.96674,37.53416],[126.96692,37.53278],[126.96541,37.53175],[126.96814,37.52973],[126.96608,37.52753],[126.96512,37.52806],[126.96462,37.52833],[126.9641,37.52862],[126.96371,37.52822],[126.96371,37.52822],[126.9611,37.52526],[126.96068,37.52628],[126.9588,37.52521],[126.95881,37.5252],[126.95783,37.52484],[126.95684,37.52572],[126.95653,37.52602],[126.95613,37.52636],[126.9559,37.52656],[126.95566,37.52685],[126.95546,37.52715],[126.95534,37.52725],[126.95525,37.52747],[126.95493,37.52796],[126.95481,37.52824],[126.95471,37.5284],[126.9547,37.52869],[126.95459,37.52909],[126.95457,37.5294],[126.95454,37.52972],[126.95451,37.52998],[126.95457,37.53022],[126.9547,37.53048],[126.95473,37.53084],[126.95493,37.53121],[126.95511,37.53149],[126.95545,37.53175],[126.95566,37.5318],[126.95576,37.53186],[126.95576,37.53186],[126.95623,37.53205],[126.95622,37.53206],[126.95704,37.53239],[126.95663,37.53315],[126.9568,37.53328],[126.96146,37.53545],[126.96148,37.53546],[126.96152,37.53546],[126.96164,37.53518],[126.96223,37.53426],[126.96224,37.53427],[126.96259,37.53368],[126.96289,37.53375],[126.96328,37.53414],[126.96376,37.53438],[126.96472,37.53446],[126.96489,37.53454]]]}},{"type":"Feature","properties":{"cd":"POI047","nm":"이태원역","cat":"인구밀집지역","lon":126.993048,"lat":37.534186},"geometry":{"type":"Polygon","coordinates":[[[126.99008,37.53424],[126.99053,37.53446],[126.99048,37.53479],[126.99111,37.53492],[126.9911,37.53501],[126.991,37.53509],[126.99102,37.53522],[126.99127,37.53509],[126.99143,37.53509],[126.99148,37.53551],[126.99161,37.5356],[126.99203,37.53558],[126.99238,37.53549],[126.99261,37.53539],[126.99275,37.53534],[126.99346,37.53543],[126.99413,37.53549],[126.9944,37.53535],[126.99476,37.53531],[126.99511,37.53531],[126.99534,37.5351],[126.99554,37.53469],[126.99566,37.53405],[126.99559,37.53313],[126.9944,37.53308],[126.99124,37.53287],[126.99008,37.53424]]]}},{"type":"Feature","properties":{"cd":"POI048","nm":"장지역","cat":"인구밀집지역","lon":127.123273,"lat":37.47875},"geometry":{"type":"Polygon","coordinates":[[[127.11983,37.47862],[127.12269,37.47976],[127.12177,37.48166],[127.12423,37.48251],[127.12554,37.47998],[127.12624,37.48022],[127.12612,37.48046],[127.12674,37.48054],[127.12683,37.47989],[127.12685,37.47969],[127.12686,37.47931],[127.12699,37.47903],[127.12724,37.47846],[127.12743,37.47803],[127.12775,37.47731],[127.12779,37.47688],[127.12782,37.47641],[127.12785,37.47624],[127.12703,37.47624],[127.12703,37.47624],[127.12549,37.4763],[127.12518,37.47635],[127.12345,37.47663],[127.121,37.47702],[127.118,37.47785],[127.11687,37.47949],[127.11848,37.48019],[127.11905,37.47936],[127.11931,37.47903],[127.11983,37.47862]]]}},{"type":"Feature","properties":{"cd":"POI049","nm":"장한평역","cat":"인구밀집지역","lon":127.064785,"lat":37.561804},"geometry":{"type":"Polygon","coordinates":[[[127.05797,37.56295],[127.05801,37.56302],[127.05898,37.56401],[127.0596,37.56444],[127.06132,37.56341],[127.06133,37.56342],[127.06232,37.56447],[127.06257,37.56433],[127.06276,37.56456],[127.06252,37.56472],[127.06294,37.56517],[127.06478,37.56415],[127.06514,37.56462],[127.07113,37.56119],[127.07012,37.55985],[127.06795,37.5581],[127.06429,37.56023],[127.05915,37.56099],[127.05909,37.561],[127.05943,37.56223],[127.05797,37.56295]]]}},{"type":"Feature","properties":{"cd":"POI050","nm":"천호역","cat":"인구밀집지역","lon":127.125015,"lat":37.53924},"geometry":{"type":"Polygon","coordinates":[[[127.12783,37.54031],[127.12784,37.53998],[127.12742,37.53898],[127.12652,37.53773],[127.12591,37.53694],[127.12494,37.53731],[127.12393,37.53772],[127.1234,37.53799],[127.12256,37.53804],[127.122,37.53825],[127.1225,37.53922],[127.12291,37.53995],[127.12335,37.54053],[127.12339,37.54072],[127.12369,37.54116],[127.12397,37.54142],[127.12783,37.54031]]]}},{"type":"Feature","properties":{"cd":"POI051","nm":"총신대입구(이수)역","cat":"인구밀집지역","lon":126.981042,"lat":37.486002},"geometry":{"type":"Polygon","coordinates":[[[126.97936,37.48862],[126.98055,37.48863],[126.9806,37.48911],[126.98067,37.48947],[126.98075,37.48974],[126.98081,37.48998],[126.98081,37.48999],[126.9817,37.48959],[126.98242,37.4895],[126.9833,37.48954],[126.98333,37.48896],[126.98321,37.48872],[126.98322,37.48862],[126.98326,37.4883],[126.98325,37.48814],[126.9832,37.48799],[126.98318,37.48756],[126.98318,37.48756],[126.98307,37.48674],[126.9822,37.48665],[126.98218,37.48543],[126.98354,37.48555],[126.98346,37.48487],[126.98303,37.48448],[126.98294,37.48435],[126.9828,37.48392],[126.98279,37.48356],[126.98278,37.48326],[126.98275,37.48275],[126.97908,37.48285],[126.97821,37.48288],[126.97825,37.48355],[126.97828,37.48408],[126.97829,37.48408],[126.97889,37.48429],[126.97892,37.4843],[126.97918,37.48439],[126.97899,37.48487],[126.97898,37.48499],[126.97897,37.48502],[126.97898,37.48509],[126.97944,37.48607],[126.97987,37.48703],[126.97996,37.48726],[126.98004,37.48741],[126.97993,37.4875],[126.97957,37.48773],[126.97914,37.48784],[126.97877,37.48787],[126.97831,37.48788],[126.97826,37.48809],[126.97867,37.48872],[126.97902,37.48859],[126.97924,37.48849],[126.97928,37.48847],[126.97936,37.48862]]]}},{"type":"Feature","properties":{"cd":"POI052","nm":"충정로역","cat":"인구밀집지역","lon":126.96369,"lat":37.559696},"geometry":{"type":"Polygon","coordinates":[[[126.96366,37.55757],[126.96342,37.55761],[126.96304,37.55761],[126.96304,37.55759],[126.96254,37.55758],[126.96253,37.55818],[126.96208,37.55818],[126.96207,37.5576],[126.96178,37.5576],[126.96174,37.55738],[126.9616,37.55695],[126.96035,37.558],[126.96125,37.55871],[126.96149,37.55885],[126.96167,37.55907],[126.96194,37.55923],[126.96193,37.55929],[126.96185,37.56079],[126.96246,37.56081],[126.96313,37.5622],[126.96355,37.56226],[126.96408,37.56206],[126.9637,37.56141],[126.96441,37.56142],[126.96443,37.5613],[126.9646,37.56133],[126.96479,37.56088],[126.9651,37.56099],[126.9653,37.56086],[126.96567,37.56112],[126.96607,37.56154],[126.96638,37.5616],[126.9667,37.56125],[126.96716,37.56136],[126.96746,37.56124],[126.96763,37.56092],[126.96705,37.56073],[126.96649,37.56033],[126.96599,37.56004],[126.96618,37.55991],[126.96621,37.55985],[126.96624,37.55983],[126.96618,37.5598],[126.96582,37.5596],[126.9658,37.55957],[126.96556,37.55897],[126.96551,37.5589],[126.96449,37.55908],[126.96458,37.55897],[126.96448,37.55882],[126.9642,37.55879],[126.9642,37.55842],[126.96426,37.55819],[126.96402,37.55801],[126.96416,37.55776],[126.96405,37.55745],[126.96366,37.55757]]]}},{"type":"Feature","properties":{"cd":"POI053","nm":"합정역","cat":"인구밀집지역","lon":126.911733,"lat":37.549376},"geometry":{"type":"Polygon","coordinates":[[[126.90498,37.55208],[126.91168,37.55419],[126.91307,37.54956],[126.91326,37.54898],[126.91343,37.54895],[126.91364,37.54908],[126.91367,37.54899],[126.9184,37.54801],[126.91729,37.54545],[126.91208,37.54573],[126.91083,37.54592],[126.9106,37.54583],[126.91048,37.5459],[126.91032,37.54622],[126.91035,37.54672],[126.91045,37.54756],[126.91056,37.54791],[126.91078,37.54816],[126.91116,37.54837],[126.9109,37.54875],[126.91011,37.54863],[126.90958,37.5486],[126.90919,37.54861],[126.90905,37.54864],[126.90689,37.55051],[126.90509,37.55202],[126.90498,37.55208]]]}},{"type":"Feature","properties":{"cd":"POI054","nm":"혜화역","cat":"인구밀집지역","lon":127.001762,"lat":37.582481},"geometry":{"type":"Polygon","coordinates":[[[127.00441,37.58049],[127.00443,37.57994],[127.00335,37.57976],[127.00335,37.57976],[127.00213,37.57958],[127.00214,37.58088],[127.00213,37.58088],[127.00198,37.58176],[127.00095,37.58175],[127.00096,37.58133],[126.99999,37.58117],[126.99997,37.58116],[126.99986,37.58114],[126.99983,37.58116],[126.99977,37.5812],[126.99977,37.5812],[126.99976,37.5812],[126.99976,37.58121],[126.99975,37.58121],[126.99972,37.58124],[126.99971,37.58124],[126.99958,37.58124],[126.99944,37.58124],[126.99936,37.58125],[126.99935,37.58125],[126.99935,37.58135],[126.99888,37.5814],[126.99825,37.58135],[126.9981,37.58181],[126.99776,37.58188],[126.99754,37.582],[126.99752,37.58201],[126.99772,37.58215],[126.99784,37.58225],[126.99813,37.58248],[126.99836,37.58265],[126.9985,37.58277],[126.99861,37.58288],[126.99878,37.58303],[126.99914,37.58336],[126.99931,37.58351],[126.9995,37.58369],[126.99993,37.58409],[127.00008,37.58424],[127.0005,37.58472],[127.00061,37.58485],[127.00064,37.58488],[127.00083,37.5851],[127.0016,37.58516],[127.00167,37.58513],[127.00216,37.58507],[127.00292,37.5847],[127.003,37.58459],[127.003,37.58449],[127.003,37.58448],[127.00287,37.58437],[127.00288,37.58415],[127.00309,37.584],[127.00385,37.58386],[127.00416,37.58362],[127.00425,37.58335],[127.00428,37.58331],[127.00431,37.58325],[127.00437,37.58311],[127.00445,37.58312],[127.00459,37.5831],[127.0046,37.58281],[127.00462,37.58271],[127.00466,37.58243],[127.00466,37.58209],[127.00468,37.58172],[127.00467,37.58163],[127.00464,37.58153],[127.00456,37.58132],[127.00451,37.58123],[127.0042,37.58122],[127.00434,37.58055],[127.00441,37.58049]]]}},{"type":"Feature","properties":{"cd":"POI055","nm":"홍대입구역(2호선)","cat":"인구밀집지역","lon":126.922999,"lat":37.55676},"geometry":{"type":"Polygon","coordinates":[[[126.92511,37.55765],[126.92575,37.55744],[126.92463,37.55664],[126.92512,37.55622],[126.92494,37.55617],[126.92487,37.55616],[126.92468,37.55611],[126.92441,37.55598],[126.92425,37.5559],[126.92418,37.55586],[126.92396,37.55572],[126.92367,37.55551],[126.92366,37.55551],[126.92358,37.55543],[126.92352,37.55537],[126.92335,37.5552],[126.92314,37.55498],[126.9231,37.55494],[126.92299,37.55482],[126.92284,37.55466],[126.92261,37.55441],[126.92254,37.55432],[126.92247,37.55439],[126.92213,37.55467],[126.92209,37.55471],[126.92207,37.55473],[126.9217,37.55505],[126.92168,37.55506],[126.92068,37.55604],[126.92154,37.55633],[126.92188,37.55687],[126.92114,37.55755],[126.92215,37.5585],[126.92256,37.55896],[126.92334,37.5584],[126.92348,37.55875],[126.92438,37.55796],[126.92511,37.55765]]]}},{"type":"Feature","properties":{"cd":"POI056","nm":"회기역","cat":"인구밀집지역","lon":127.056162,"lat":37.590541},"geometry":{"type":"Polygon","coordinates":[[[127.05414,37.59027],[127.05243,37.59087],[127.05223,37.59057],[127.05142,37.59087],[127.05072,37.59091],[127.05071,37.5911],[127.04976,37.59116],[127.04978,37.59151],[127.04981,37.59192],[127.05049,37.59191],[127.05071,37.59288],[127.05155,37.59277],[127.05337,37.59245],[127.05607,37.59128],[127.05721,37.59298],[127.05784,37.59278],[127.05824,37.59252],[127.05851,37.59255],[127.05873,37.59275],[127.05871,37.59238],[127.05861,37.59239],[127.05855,37.59178],[127.05956,37.59172],[127.06034,37.59161],[127.05991,37.59119],[127.0587,37.59033],[127.05872,37.58987],[127.05935,37.59021],[127.06088,37.59033],[127.06094,37.59059],[127.06111,37.59083],[127.06124,37.59088],[127.06195,37.5909],[127.06203,37.59101],[127.06238,37.59115],[127.06245,37.59103],[127.06231,37.59071],[127.06243,37.59035],[127.06234,37.58996],[127.06177,37.5898],[127.06123,37.58927],[127.06041,37.58921],[127.05994,37.58906],[127.05912,37.58916],[127.05781,37.58875],[127.05742,37.58789],[127.05724,37.58796],[127.05676,37.58771],[127.05658,37.58787],[127.05617,37.58779],[127.05588,37.58809],[127.05517,37.58777],[127.05379,37.58836],[127.055,37.58931],[127.05473,37.58992],[127.05462,37.58998],[127.0546,37.59014],[127.05438,37.59016],[127.05414,37.59027]]]}},{"type":"Feature","properties":{"cd":"POI058","nm":"가락시장","cat":"발달상권","lon":127.111896,"lat":37.493468},"geometry":{"type":"Polygon","coordinates":[[[127.11282,37.4971],[127.11372,37.49719],[127.11489,37.4969],[127.11552,37.49611],[127.11574,37.49586],[127.11608,37.49548],[127.11656,37.49494],[127.11745,37.49397],[127.11809,37.49328],[127.11925,37.4918],[127.11707,37.49117],[127.11523,37.49063],[127.11484,37.49142],[127.11192,37.49054],[127.11162,37.49044],[127.10928,37.48967],[127.10919,37.48965],[127.10858,37.49057],[127.10775,37.49152],[127.1064,37.49259],[127.10548,37.49321],[127.10364,37.49419],[127.10434,37.49441],[127.10493,37.49459],[127.10521,37.49467],[127.10555,37.49478],[127.10577,37.49484],[127.10617,37.49497],[127.10664,37.49511],[127.10724,37.4953],[127.10753,37.49539],[127.10781,37.49547],[127.10814,37.49558],[127.10841,37.49566],[127.10886,37.4958],[127.10897,37.49584],[127.10911,37.49588],[127.10953,37.49601],[127.10977,37.49609],[127.11036,37.49627],[127.11072,37.49638],[127.11103,37.49648],[127.11135,37.49657],[127.11164,37.49666],[127.11227,37.49687],[127.11282,37.4971]]]}},{"type":"Feature","properties":{"cd":"POI059","nm":"가로수길","cat":"발달상권","lon":127.023572,"lat":37.521389},"geometry":{"type":"Polygon","coordinates":[[[127.02463,37.52528],[127.02539,37.52566],[127.02548,37.52571],[127.02637,37.52616],[127.02642,37.52619],[127.02734,37.52665],[127.02836,37.52716],[127.02836,37.52716],[127.02836,37.52717],[127.02836,37.52717],[127.02836,37.52716],[127.02838,37.52713],[127.02844,37.52699],[127.02844,37.52689],[127.02846,37.52657],[127.02846,37.52654],[127.02846,37.52653],[127.02846,37.52653],[127.02846,37.52652],[127.02846,37.52652],[127.02846,37.52647],[127.02846,37.5263],[127.02846,37.5263],[127.02844,37.52596],[127.02844,37.52594],[127.02844,37.52594],[127.02844,37.5259],[127.02844,37.52585],[127.02843,37.52567],[127.02843,37.5256],[127.02843,37.52557],[127.02842,37.52556],[127.02842,37.52555],[127.02842,37.52535],[127.02837,37.5246],[127.02837,37.52459],[127.02837,37.52459],[127.02837,37.52458],[127.02837,37.52458],[127.02837,37.52458],[127.02837,37.52458],[127.02836,37.52428],[127.02835,37.52406],[127.02833,37.52379],[127.02833,37.52377],[127.02833,37.52377],[127.02833,37.52377],[127.02833,37.52376],[127.02833,37.52372],[127.02831,37.52335],[127.02828,37.52297],[127.02828,37.52296],[127.02828,37.52296],[127.02827,37.52295],[127.02827,37.52295],[127.02826,37.52276],[127.02825,37.52266],[127.02825,37.52262],[127.02825,37.52257],[127.02822,37.52216],[127.02822,37.52214],[127.02822,37.52214],[127.02822,37.52213],[127.0282,37.52179],[127.0282,37.52177],[127.0282,37.52176],[127.0282,37.52176],[127.02818,37.52135],[127.02818,37.52134],[127.02816,37.52113],[127.02816,37.52101],[127.02814,37.5207],[127.02814,37.5207],[127.02814,37.5207],[127.02814,37.52069],[127.02814,37.52067],[127.02814,37.52065],[127.02814,37.52065],[127.0281,37.51999],[127.02809,37.5197],[127.02808,37.5197],[127.02806,37.51969],[127.02806,37.51969],[127.02794,37.51964],[127.02794,37.51964],[127.02792,37.51963],[127.02716,37.51931],[127.02627,37.51894],[127.02625,37.51893],[127.02613,37.51888],[127.02567,37.51869],[127.02561,37.51866],[127.02528,37.51852],[127.02417,37.51806],[127.02341,37.51774],[127.02339,37.51773],[127.02324,37.51767],[127.02277,37.51747],[127.0227,37.51744],[127.02227,37.51726],[127.02192,37.51711],[127.02191,37.51711],[127.02118,37.5168],[127.02064,37.51658],[127.02042,37.51649],[127.01978,37.51622],[127.01953,37.51611],[127.0195,37.51621],[127.01928,37.51694],[127.01906,37.51766],[127.01897,37.51797],[127.01884,37.51841],[127.01866,37.519],[127.01835,37.52005],[127.01825,37.52037],[127.01796,37.52134],[127.01782,37.52181],[127.01782,37.52182],[127.01866,37.52224],[127.01929,37.52255],[127.01956,37.52269],[127.01959,37.5227],[127.02033,37.52308],[127.02047,37.52316],[127.02073,37.52329],[127.02075,37.5233],[127.02076,37.52331],[127.02098,37.52342],[127.02104,37.52345],[127.0212,37.52353],[127.02121,37.52353],[127.02172,37.52379],[127.0219,37.52388],[127.02206,37.52396],[127.02218,37.52402],[127.02225,37.52405],[127.02239,37.52413],[127.02265,37.52426],[127.02272,37.5243],[127.02296,37.52442],[127.02307,37.52448],[127.0232,37.52455],[127.02343,37.52467],[127.02367,37.52479],[127.0237,37.5248],[127.02383,37.52487],[127.02391,37.52491],[127.02395,37.52493],[127.02407,37.52499],[127.02422,37.52507],[127.02463,37.52528]]]}},{"type":"Feature","properties":{"cd":"POI072","nm":"여의도","cat":"발달상권","lon":126.925531,"lat":37.525022},"geometry":{"type":"Polygon","coordinates":[[[126.91365,37.53547],[126.91567,37.53524],[126.92062,37.53434],[126.92317,37.53387],[126.92661,37.53277],[126.92862,37.53189],[126.93017,37.53129],[126.93168,37.53054],[126.9332,37.52956],[126.93474,37.52835],[126.93748,37.52602],[126.93969,37.52404],[126.94269,37.52163],[126.94357,37.5208],[126.94379,37.52043],[126.94411,37.51985],[126.9443,37.51947],[126.94414,37.51905],[126.94269,37.51817],[126.93979,37.51739],[126.93746,37.51671],[126.93362,37.51606],[126.93125,37.51558],[126.92873,37.51557],[126.92558,37.51605],[126.92322,37.51683],[126.92167,37.51758],[126.92048,37.5179],[126.91997,37.51808],[126.91972,37.51815],[126.9194,37.51833],[126.91922,37.51843],[126.91877,37.51868],[126.9184,37.51888],[126.91786,37.51918],[126.91723,37.51956],[126.9166,37.52014],[126.91436,37.52282],[126.91259,37.5256],[126.9118,37.52683],[126.9112,37.52851],[126.91085,37.53025],[126.91066,37.53137],[126.91041,37.53183],[126.91006,37.53233],[126.91003,37.53283],[126.91006,37.53358],[126.90981,37.53451],[126.91028,37.53544],[126.91059,37.53569],[126.91147,37.53604],[126.91245,37.53589],[126.91318,37.53574],[126.91365,37.53547]]]}},{"type":"Feature","properties":{"cd":"POI060","nm":"광장(전통)시장","cat":"발달상권","lon":126.999901,"lat":37.570002},"geometry":{"type":"Polygon","coordinates":[[[126.99785,37.57006],[126.99872,37.57077],[126.99884,37.57078],[126.99895,37.57079],[126.99922,37.57081],[126.99953,37.57083],[127.0,37.57087],[127.00026,37.57088],[127.00033,37.57088],[127.00036,37.57088],[127.00047,37.5709],[127.00119,37.57095],[127.00146,37.57097],[127.00191,37.57101],[127.00196,37.57039],[127.00203,37.56963],[127.00203,37.56959],[127.00203,37.56959],[127.00201,37.56959],[127.00193,37.56958],[127.00181,37.56957],[127.00172,37.56956],[127.00163,37.56954],[127.00157,37.56953],[127.00145,37.56951],[127.00131,37.56948],[127.00112,37.56944],[127.00079,37.56938],[127.00064,37.56935],[127.00051,37.56932],[127.00037,37.5693],[127.0002,37.56926],[126.99998,37.56921],[126.9998,37.56918],[126.99944,37.56911],[126.9992,37.56906],[126.99895,37.56902],[126.99873,37.56897],[126.99854,37.56894],[126.99823,37.56889],[126.99797,37.56884],[126.99797,37.56884],[126.99797,37.56889],[126.99788,37.56974],[126.99785,37.57006]]]}},{"type":"Feature","properties":{"cd":"POI061","nm":"김포공항","cat":"발달상권","lon":126.8026,"lat":37.562272},"geometry":{"type":"Polygon","coordinates":[[[126.80459,37.56977],[126.80835,37.55777],[126.8059,37.55537],[126.80027,37.55993],[126.79369,37.56113],[126.80459,37.56977]]]}},{"type":"Feature","properties":{"cd":"POI063","nm":"노량진","cat":"발달상권","lon":126.944055,"lat":37.513894},"geometry":{"type":"Polygon","coordinates":[[[126.95149,37.51498],[126.9551,37.51399],[126.95548,37.51371],[126.9556,37.51346],[126.9554,37.51335],[126.9553,37.5133],[126.95494,37.51314],[126.95477,37.513],[126.95442,37.51294],[126.95428,37.51285],[126.95242,37.51281],[126.95001,37.51288],[126.9484,37.51323],[126.94814,37.51291],[126.94746,37.51255],[126.94692,37.51246],[126.94655,37.51232],[126.94587,37.51211],[126.94571,37.51203],[126.94526,37.51162],[126.94444,37.51118],[126.94401,37.51085],[126.93509,37.51306],[126.93555,37.51493],[126.94295,37.51603],[126.94314,37.51598],[126.94328,37.51608],[126.94669,37.5166],[126.94738,37.5165],[126.94795,37.5164],[126.94981,37.51564],[126.94929,37.51459],[126.94974,37.51423],[126.95015,37.51411],[126.95044,37.51398],[126.95063,37.51384],[126.95121,37.51314],[126.9514,37.51313],[126.95167,37.51322],[126.95206,37.5132],[126.95149,37.51498]]]}},{"type":"Feature","properties":{"cd":"POI064","nm":"덕수궁길·정동길","cat":"발달상권","lon":126.971779,"lat":37.566349},"geometry":{"type":"Polygon","coordinates":[[[126.96975,37.56863],[126.96999,37.56838],[126.97027,37.56847],[126.97054,37.56792],[126.97114,37.56805],[126.97138,37.56743],[126.97135,37.56728],[126.97117,37.56697],[126.97195,37.56647],[126.97267,37.56618],[126.97281,37.56619],[126.97347,37.56615],[126.97356,37.56539],[126.97465,37.56505],[126.97505,37.56498],[126.97582,37.56505],[126.9766,37.565],[126.9771,37.56498],[126.97709,37.56483],[126.97709,37.56482],[126.97705,37.56448],[126.97683,37.56428],[126.97683,37.56428],[126.97666,37.56418],[126.97625,37.56449],[126.97623,37.56451],[126.97616,37.56463],[126.97425,37.56446],[126.9741,37.5645],[126.9728,37.56459],[126.9728,37.56472],[126.97279,37.56476],[126.97277,37.56483],[126.97248,37.56478],[126.97239,37.56479],[126.97233,37.56489],[126.97228,37.56518],[126.97202,37.56539],[126.97199,37.56542],[126.97196,37.56544],[126.97192,37.56575],[126.9711,37.56612],[126.97071,37.566],[126.96996,37.56635],[126.96978,37.56692],[126.96968,37.56696],[126.96956,37.56724],[126.96921,37.56718],[126.96913,37.56685],[126.96888,37.56693],[126.96861,37.56691],[126.96851,37.56693],[126.96839,37.56695],[126.96791,37.56726],[126.96938,37.56875],[126.96975,37.56863]]]}},{"type":"Feature","properties":{"cd":"POI090","nm":"난지한강공원","cat":"공원","lon":126.877329,"lat":37.566502},"geometry":{"type":"Polygon","coordinates":[[[126.86439,37.57289],[126.86438,37.57289],[126.86421,37.57291],[126.86415,37.57299],[126.86406,37.57314],[126.86517,37.57475],[126.86603,37.57427],[126.86631,37.57413],[126.86666,37.57392],[126.86666,37.57392],[126.86689,37.57379],[126.86691,37.57378],[126.86709,37.57368],[126.86728,37.57356],[126.86735,37.57353],[126.86737,37.57352],[126.86744,37.5735],[126.86753,37.57346],[126.86757,37.57344],[126.86772,37.57335],[126.86776,37.57332],[126.86794,37.5732],[126.86809,37.57314],[126.86822,37.5731],[126.86831,37.57307],[126.86842,37.57302],[126.86851,37.57299],[126.86866,37.5729],[126.86866,37.5729],[126.86877,37.57284],[126.86902,37.5727],[126.86904,37.57269],[126.86926,37.57256],[126.86956,37.57239],[126.86979,37.57226],[126.86987,37.57221],[126.87019,37.57203],[126.87023,37.572],[126.87039,37.57191],[126.87041,37.5719],[126.87044,37.57188],[126.87045,37.57187],[126.87066,37.57175],[126.87067,37.57175],[126.87082,37.57167],[126.87103,37.57154],[126.87114,37.57148],[126.87128,37.5714],[126.87135,37.57136],[126.87144,37.57131],[126.87152,37.57126],[126.87164,37.5712],[126.87187,37.57107],[126.8719,37.57105],[126.87201,37.57099],[126.87201,37.57098],[126.87204,37.57097],[126.87246,37.57073],[126.87296,37.57044],[126.87335,37.57022],[126.87344,37.57017],[126.87356,37.57013],[126.87461,37.56952],[126.87462,37.56951],[126.87473,37.56945],[126.87517,37.5692],[126.87569,37.56891],[126.87609,37.56867],[126.87626,37.56857],[126.87637,37.56852],[126.87665,37.56835],[126.87707,37.5681],[126.87715,37.56805],[126.87744,37.56788],[126.87751,37.56783],[126.87774,37.56771],[126.87801,37.56755],[126.87829,37.56739],[126.8783,37.56739],[126.87959,37.56663],[126.88024,37.56625],[126.88026,37.56624],[126.88072,37.56597],[126.88125,37.56566],[126.88162,37.56544],[126.8817,37.5654],[126.88203,37.56521],[126.88237,37.56501],[126.88264,37.56486],[126.88288,37.56472],[126.88291,37.5647],[126.88325,37.56451],[126.88329,37.56448],[126.88332,37.56446],[126.88342,37.56441],[126.88381,37.56418],[126.88387,37.56414],[126.88399,37.56407],[126.88411,37.56401],[126.88417,37.56397],[126.88442,37.56382],[126.88452,37.56376],[126.88488,37.56355],[126.88497,37.5635],[126.88526,37.56332],[126.88528,37.56331],[126.88533,37.56329],[126.88549,37.56319],[126.88594,37.56294],[126.88613,37.56283],[126.8863,37.56272],[126.88641,37.56265],[126.88648,37.56261],[126.88659,37.56253],[126.88663,37.5625],[126.88676,37.5624],[126.88692,37.56228],[126.88725,37.56202],[126.88732,37.56197],[126.88749,37.56185],[126.88757,37.5618],[126.88762,37.56177],[126.88768,37.56173],[126.88775,37.56168],[126.88784,37.56162],[126.88793,37.56156],[126.8881,37.56145],[126.88811,37.56144],[126.88816,37.56136],[126.88818,37.56132],[126.88821,37.56127],[126.88838,37.56115],[126.8885,37.56108],[126.88864,37.56098],[126.88864,37.56098],[126.88887,37.56086],[126.88894,37.56082],[126.88913,37.56073],[126.88933,37.56065],[126.88946,37.5606],[126.88967,37.56052],[126.88987,37.56044],[126.8901,37.56034],[126.89023,37.56027],[126.8905,37.56012],[126.89068,37.56001],[126.89079,37.55994],[126.89101,37.55978],[126.89113,37.5597],[126.89122,37.55962],[126.89126,37.55959],[126.89134,37.55952],[126.89143,37.55943],[126.89143,37.55942],[126.89144,37.55941],[126.89156,37.55931],[126.89169,37.55923],[126.89182,37.55917],[126.89199,37.55911],[126.89206,37.55905],[126.89202,37.55902],[126.89206,37.55898],[126.89182,37.5588],[126.89155,37.55864],[126.89127,37.55852],[126.89103,37.55845],[126.8909,37.55843],[126.89077,37.55841],[126.89073,37.55841],[126.89068,37.5584],[126.89058,37.5584],[126.89032,37.55839],[126.89015,37.55841],[126.88986,37.55846],[126.88976,37.55849],[126.88962,37.55853],[126.88947,37.5586],[126.88904,37.55885],[126.88853,37.55915],[126.88835,37.55926],[126.88806,37.55942],[126.8878,37.55958],[126.88729,37.55987],[126.88684,37.56014],[126.88666,37.56024],[126.88666,37.56024],[126.88636,37.56042],[126.88608,37.56058],[126.88549,37.56092],[126.88505,37.56118],[126.88469,37.56139],[126.88468,37.5614],[126.88459,37.56145],[126.88443,37.56154],[126.88338,37.56215],[126.88307,37.56233],[126.88305,37.56234],[126.88293,37.56241],[126.88252,37.56265],[126.88232,37.56276],[126.88201,37.56292],[126.88177,37.56305],[126.88159,37.56313],[126.88149,37.56317],[126.88131,37.56325],[126.88118,37.5633],[126.88118,37.5633],[126.88111,37.56333],[126.88084,37.56343],[126.8808,37.56344],[126.88077,37.56345],[126.88066,37.56349],[126.88041,37.56357],[126.8803,37.56362],[126.87943,37.56387],[126.87899,37.564],[126.87874,37.56407],[126.8786,37.56411],[126.87807,37.56427],[126.87805,37.56427],[126.87794,37.56431],[126.87744,37.56448],[126.87743,37.56449],[126.8773,37.56452],[126.87695,37.5646],[126.87694,37.5646],[126.87654,37.56472],[126.87628,37.56481],[126.87622,37.56483],[126.87614,37.56486],[126.8759,37.56496],[126.87564,37.5651],[126.87559,37.56512],[126.87553,37.56515],[126.87525,37.56533],[126.87501,37.56548],[126.87478,37.56561],[126.87466,37.56569],[126.87455,37.56577],[126.87441,37.56585],[126.87424,37.56599],[126.87417,37.56605],[126.87412,37.56609],[126.87373,37.56645],[126.87367,37.56651],[126.87342,37.56674],[126.873,37.56714],[126.87293,37.56722],[126.87291,37.56723],[126.8727,37.56743],[126.87263,37.5675],[126.87259,37.56754],[126.87251,37.56762],[126.87245,37.56768],[126.8724,37.56772],[126.87234,37.56778],[126.87234,37.56778],[126.87193,37.56818],[126.87169,37.56841],[126.87166,37.56843],[126.87162,37.56847],[126.87142,37.56866],[126.87136,37.56872],[126.87132,37.56876],[126.87105,37.56902],[126.87103,37.56903],[126.87088,37.56916],[126.87082,37.56916],[126.87073,37.5692],[126.87069,37.56921],[126.87069,37.56922],[126.87066,37.56924],[126.87062,37.56936],[126.87026,37.56963],[126.87,37.56979],[126.86997,37.56981],[126.86961,37.57005],[126.86922,37.57027],[126.86917,37.5703],[126.86859,37.57063],[126.86831,37.57078],[126.86802,37.57077],[126.86771,37.57074],[126.86767,37.57075],[126.86749,37.57079],[126.86735,37.57078],[126.86731,37.57077],[126.86727,37.57082],[126.86723,37.57087],[126.86716,37.57096],[126.86711,37.57104],[126.86703,37.57112],[126.86697,37.57117],[126.86688,37.57128],[126.86684,37.57133],[126.86673,37.57146],[126.86671,37.57149],[126.8667,37.5715],[126.86665,37.57157],[126.86665,37.57164],[126.86663,37.57166],[126.86662,37.57167],[126.8666,37.57169],[126.8665,37.5718],[126.86642,37.57187],[126.86638,37.57187],[126.86632,37.57187],[126.86614,37.57187],[126.86608,37.57191],[126.86531,37.57236],[126.86526,37.57247],[126.86498,37.5726],[126.86485,37.57267],[126.86439,37.57289]]]}},{"type":"Feature","properties":{"cd":"POI091","nm":"남산공원","cat":"공원","lon":126.993761,"lat":37.551577},"geometry":{"type":"Polygon","coordinates":[[[126.97871,37.5538],[126.97871,37.5538],[126.97871,37.5538],[126.97872,37.5538],[126.97878,37.55402],[126.9788,37.55407],[126.9788,37.55407],[126.9788,37.55408],[126.9788,37.55409],[126.9788,37.55409],[126.97866,37.55415],[126.97847,37.55424],[126.9782,37.55436],[126.97816,37.55438],[126.9781,37.55441],[126.9781,37.55441],[126.9781,37.55442],[126.97786,37.55457],[126.97782,37.55459],[126.97778,37.55462],[126.97775,37.55464],[126.97771,37.55467],[126.97726,37.55501],[126.97726,37.55501],[126.97684,37.55513],[126.97684,37.55514],[126.97683,37.55514],[126.97683,37.55514],[126.97679,37.55515],[126.97678,37.55515],[126.97678,37.55515],[126.97655,37.55522],[126.97655,37.55522],[126.97661,37.55546],[126.97679,37.55583],[126.97683,37.55597],[126.9773,37.55607],[126.97732,37.55607],[126.97854,37.55617],[126.97869,37.55619],[126.97877,37.55618],[126.97882,37.55618],[126.97898,37.55618],[126.97945,37.55596],[126.97949,37.55594],[126.97965,37.55584],[126.98047,37.55539],[126.98064,37.5553],[126.98089,37.55514],[126.98117,37.55501],[126.98118,37.555],[126.98128,37.55496],[126.9814,37.55491],[126.98154,37.55487],[126.98187,37.55478],[126.98213,37.55466],[126.98267,37.55439],[126.98284,37.55444],[126.98294,37.55447],[126.9832,37.55456],[126.98336,37.55466],[126.98325,37.55502],[126.98303,37.55547],[126.98298,37.55556],[126.98302,37.55602],[126.98304,37.55619],[126.98308,37.55651],[126.98289,37.55653],[126.98292,37.55685],[126.98312,37.55683],[126.98315,37.55704],[126.98316,37.55713],[126.98317,37.5572],[126.98318,37.55727],[126.98319,37.55736],[126.9832,37.5575],[126.98321,37.55759],[126.98323,37.55769],[126.98323,37.55768],[126.98324,37.55759],[126.98336,37.55762],[126.98338,37.55763],[126.98339,37.55763],[126.98346,37.55759],[126.98347,37.55759],[126.9835,37.55759],[126.98354,37.55759],[126.98355,37.55759],[126.98355,37.55759],[126.98357,37.55757],[126.98356,37.55756],[126.98355,37.55754],[126.9836,37.5574],[126.98364,37.55738],[126.98366,37.55738],[126.98359,37.55727],[126.98357,37.55723],[126.98356,37.55723],[126.98355,37.55722],[126.98351,37.55721],[126.98351,37.55718],[126.9835,37.55708],[126.9835,37.55695],[126.98349,37.55688],[126.98348,37.55683],[126.98348,37.5568],[126.98348,37.5567],[126.98351,37.55652],[126.98366,37.55672],[126.98371,37.55678],[126.98374,37.55682],[126.9838,37.55689],[126.98383,37.55694],[126.98388,37.55707],[126.98388,37.55707],[126.98389,37.55708],[126.98392,37.55707],[126.98395,37.55707],[126.98405,37.55704],[126.98413,37.55703],[126.98414,37.55701],[126.98418,37.55696],[126.98422,37.55694],[126.98425,37.55693],[126.98431,37.55685],[126.98432,37.55685],[126.98435,37.55678],[126.98435,37.55675],[126.98436,37.5567],[126.98436,37.5567],[126.98436,37.55665],[126.98437,37.55661],[126.9844,37.55656],[126.98442,37.55653],[126.98445,37.55644],[126.98449,37.5563],[126.98451,37.55627],[126.98455,37.55619],[126.98461,37.55613],[126.98462,37.55612],[126.98464,37.55608],[126.98468,37.55599],[126.98473,37.55604],[126.98475,37.55606],[126.98474,37.55608],[126.98476,37.55608],[126.98477,37.55609],[126.98477,37.55608],[126.98478,37.55606],[126.98479,37.55604],[126.98479,37.55602],[126.98481,37.55593],[126.98482,37.55583],[126.98492,37.55584],[126.985,37.55585],[126.98499,37.55591],[126.98497,37.556],[126.98495,37.55606],[126.98494,37.55613],[126.98494,37.55614],[126.98489,37.55626],[126.9849,37.5563],[126.98494,37.55633],[126.98503,37.55639],[126.98506,37.55642],[126.98515,37.55648],[126.98528,37.55652],[126.98546,37.55654],[126.98558,37.55656],[126.98574,37.5566],[126.98585,37.55662],[126.98592,37.55667],[126.98597,37.55672],[126.98606,37.55681],[126.9861,37.55687],[126.98617,37.55697],[126.98618,37.55698],[126.98625,37.55705],[126.98629,37.55708],[126.98633,37.5571],[126.98634,37.55711],[126.98637,37.55712],[126.9864,37.55713],[126.98644,37.55714],[126.98648,37.55716],[126.98652,37.55717],[126.98658,37.55718],[126.98661,37.55718],[126.98664,37.55719],[126.98673,37.5572],[126.98679,37.55722],[126.98685,37.55724],[126.98689,37.55726],[126.98693,37.55729],[126.98697,37.55732],[126.98702,37.55738],[126.98705,37.55742],[126.98705,37.55743],[126.98707,37.55748],[126.98708,37.55756],[126.98708,37.55764],[126.98709,37.55767],[126.98709,37.55771],[126.98712,37.55779],[126.98712,37.5578],[126.98715,37.55785],[126.98722,37.55793],[126.98726,37.55797],[126.9873,37.55801],[126.98735,37.55808],[126.98739,37.55815],[126.98734,37.55824],[126.98735,37.55827],[126.98735,37.55828],[126.98735,37.55833],[126.98735,37.55838],[126.98735,37.55843],[126.98734,37.55867],[126.98734,37.55884],[126.98734,37.55884],[126.98734,37.559],[126.98739,37.55911],[126.98744,37.55918],[126.98748,37.5592],[126.98753,37.55921],[126.98769,37.55924],[126.98779,37.55928],[126.98805,37.55938],[126.98808,37.55941],[126.98811,37.55947],[126.98816,37.55962],[126.98816,37.55965],[126.98818,37.55968],[126.98822,37.55978],[126.98823,37.55979],[126.98826,37.55988],[126.98832,37.56],[126.98839,37.56022],[126.98841,37.56026],[126.98842,37.56031],[126.98842,37.56043],[126.98842,37.56061],[126.9884,37.56076],[126.98834,37.56086],[126.98829,37.56095],[126.98826,37.56107],[126.98825,37.56111],[126.98824,37.56115],[126.98826,37.56115],[126.98839,37.56116],[126.98852,37.56117],[126.98867,37.56119],[126.98871,37.56119],[126.98877,37.56119],[126.98875,37.5613],[126.98876,37.56136],[126.98884,37.56135],[126.98886,37.5612],[126.98892,37.56121],[126.98897,37.56121],[126.98904,37.56122],[126.98905,37.56122],[126.98906,37.56118],[126.98924,37.5608],[126.98933,37.56067],[126.98946,37.56048],[126.9895,37.56043],[126.98953,37.56039],[126.98969,37.56024],[126.98971,37.56023],[126.98983,37.56012],[126.98992,37.56008],[126.99007,37.56003],[126.99014,37.56],[126.99015,37.56],[126.99016,37.55999],[126.99019,37.55998],[126.99041,37.5599],[126.99042,37.5599],[126.99057,37.55985],[126.99094,37.55971],[126.99112,37.55965],[126.99122,37.55961],[126.9913,37.55958],[126.99131,37.55958],[126.99155,37.55939],[126.99172,37.55948],[126.99177,37.5595],[126.99177,37.55951],[126.99182,37.5596],[126.99183,37.55971],[126.99188,37.56006],[126.99184,37.56016],[126.99186,37.56018],[126.99205,37.56025],[126.99206,37.56025],[126.99206,37.56074],[126.99206,37.56107],[126.99217,37.56108],[126.99221,37.56108],[126.99225,37.56108],[126.99237,37.56108],[126.99241,37.56108],[126.99259,37.56109],[126.99265,37.56109],[126.99266,37.56109],[126.99285,37.56109],[126.99305,37.5611],[126.9931,37.5611],[126.99321,37.5611],[126.99325,37.5611],[126.99328,37.5611],[126.99332,37.5611],[126.99344,37.56086],[126.99347,37.56083],[126.99367,37.56078],[126.99426,37.56068],[126.99449,37.56062],[126.99495,37.56049],[126.99505,37.56046],[126.99509,37.56044],[126.99513,37.56043],[126.99526,37.56039],[126.99527,37.56039],[126.99527,37.56038],[126.99533,37.56037],[126.99533,37.56036],[126.99537,37.56035],[126.99538,37.56035],[126.9954,37.56034],[126.99542,37.56033],[126.99542,37.56024],[126.99541,37.56018],[126.99542,37.56005],[126.99542,37.56002],[126.99542,37.55991],[126.99542,37.55986],[126.99542,37.55979],[126.99542,37.55976],[126.99543,37.55969],[126.99543,37.55955],[126.99543,37.55954],[126.99543,37.55953],[126.99543,37.55953],[126.99543,37.55949],[126.99543,37.5594],[126.99543,37.55933],[126.99543,37.55928],[126.99543,37.55918],[126.99544,37.559],[126.99544,37.55892],[126.99545,37.55884],[126.99545,37.55877],[126.99545,37.55876],[126.99546,37.55873],[126.99547,37.55871],[126.99547,37.55869],[126.99547,37.55868],[126.99549,37.5586],[126.99553,37.55848],[126.99554,37.55844],[126.99554,37.55843],[126.99556,37.55835],[126.99557,37.55834],[126.99558,37.55831],[126.99558,37.55831],[126.99558,37.55831],[126.99559,37.55828],[126.99559,37.55826],[126.99561,37.55821],[126.99562,37.55819],[126.99562,37.55819],[126.99562,37.55817],[126.99562,37.55817],[126.99562,37.55816],[126.99562,37.55816],[126.99563,37.55813],[126.99564,37.55812],[126.99565,37.55807],[126.99566,37.55806],[126.99566,37.55805],[126.99567,37.55803],[126.99567,37.55802],[126.99567,37.55802],[126.99568,37.558],[126.9957,37.55789],[126.9957,37.55784],[126.99569,37.55774],[126.99569,37.5577],[126.99568,37.55758],[126.99567,37.55754],[126.99562,37.55738],[126.99559,37.55731],[126.99555,37.55723],[126.99552,37.55715],[126.99546,37.55705],[126.99543,37.557],[126.9954,37.5569],[126.99534,37.55674],[126.99532,37.55668],[126.99528,37.5566],[126.99527,37.55656],[126.99524,37.55648],[126.99524,37.55645],[126.99524,37.55642],[126.99524,37.5564],[126.99524,37.55638],[126.99525,37.55635],[126.99527,37.55619],[126.99528,37.55614],[126.99513,37.55614],[126.99497,37.55614],[126.99487,37.55613],[126.99472,37.55611],[126.99456,37.55609],[126.99453,37.55607],[126.99453,37.55607],[126.9945,37.55606],[126.9945,37.55606],[126.99463,37.55599],[126.99463,37.55579],[126.99462,37.55532],[126.99461,37.55524],[126.9946,37.55527],[126.99376,37.55587],[126.99376,37.55587],[126.99374,37.55586],[126.9937,37.5558],[126.99365,37.55573],[126.99356,37.55562],[126.9935,37.55553],[126.99365,37.55545],[126.99367,37.55544],[126.9937,37.55541],[126.99375,37.55538],[126.9939,37.55527],[126.99393,37.55525],[126.99414,37.55509],[126.99423,37.55502],[126.99433,37.55494],[126.99439,37.5549],[126.9945,37.55482],[126.99452,37.55481],[126.99463,37.55492],[126.99466,37.55495],[126.99473,37.55499],[126.99477,37.55503],[126.99479,37.55503],[126.99502,37.55503],[126.99534,37.55505],[126.9954,37.55508],[126.99546,37.55507],[126.99556,37.55506],[126.99574,37.55504],[126.99602,37.55501],[126.99617,37.555],[126.99616,37.555],[126.99611,37.55508],[126.99599,37.55527],[126.99587,37.5555],[126.99585,37.55557],[126.99585,37.55558],[126.99578,37.55568],[126.99573,37.55575],[126.99573,37.55575],[126.99573,37.55575],[126.9957,37.55582],[126.99565,37.55596],[126.99563,37.55604],[126.99559,37.5562],[126.99559,37.5564],[126.99559,37.55649],[126.9956,37.55654],[126.9956,37.55654],[126.9956,37.55655],[126.99574,37.55694],[126.99588,37.55732],[126.99594,37.55764],[126.99594,37.55764],[126.99598,37.55785],[126.99606,37.55828],[126.99606,37.55829],[126.99612,37.55862],[126.99639,37.55859],[126.99656,37.55857],[126.99671,37.55856],[126.99673,37.55856],[126.997,37.55854],[126.99701,37.55854],[126.99695,37.55871],[126.99692,37.55879],[126.99688,37.55887],[126.99686,37.55894],[126.99684,37.55898],[126.99679,37.55907],[126.99677,37.55913],[126.99675,37.55915],[126.99674,37.55915],[126.99668,37.55917],[126.99666,37.55917],[126.99665,37.55918],[126.99663,37.55919],[126.99662,37.5592],[126.99662,37.55922],[126.99665,37.55929],[126.99668,37.55934],[126.9967,37.55935],[126.99678,37.55943],[126.9968,37.55944],[126.99691,37.55952],[126.99707,37.55956],[126.99709,37.55953],[126.9971,37.55949],[126.99714,37.5594],[126.99715,37.55938],[126.99716,37.55936],[126.9972,37.5593],[126.99721,37.55928],[126.99721,37.55928],[126.99722,37.55927],[126.99724,37.55924],[126.99727,37.55919],[126.99731,37.55912],[126.99734,37.5591],[126.99737,37.55909],[126.99742,37.55909],[126.99763,37.55915],[126.9977,37.55917],[126.99778,37.55919],[126.99782,37.5592],[126.99785,37.55919],[126.99788,37.55917],[126.99789,37.55914],[126.9979,37.55913],[126.99794,37.55904],[126.99796,37.559],[126.99797,37.55897],[126.99798,37.55893],[126.99798,37.55891],[126.998,37.55884],[126.998,37.55883],[126.998,37.55881],[126.998,37.55877],[126.99798,37.55873],[126.99798,37.55871],[126.99796,37.5587],[126.99788,37.55866],[126.99765,37.55854],[126.99753,37.5585],[126.99749,37.5585],[126.99735,37.55852],[126.99754,37.55835],[126.99786,37.55808],[126.9982,37.55789],[126.99845,37.55788],[126.99878,37.55805],[126.99878,37.55791],[126.999,37.55756],[126.99918,37.55751],[126.99929,37.55751],[126.99922,37.55726],[126.99937,37.55716],[126.99928,37.55693],[126.99965,37.55674],[126.99957,37.55653],[126.99987,37.5562],[127.00039,37.556],[127.00111,37.55582],[127.0019,37.55567],[127.00193,37.55568],[127.00234,37.5558],[127.00237,37.55581],[127.00251,37.55585],[127.00294,37.55587],[127.00293,37.55598],[127.00292,37.55618],[127.00312,37.55627],[127.00328,37.55647],[127.00328,37.55647],[127.00339,37.55659],[127.00343,37.55664],[127.00343,37.55664],[127.00351,37.55662],[127.00359,37.55666],[127.00365,37.55693],[127.00348,37.557],[127.0036,37.55719],[127.00325,37.55737],[127.00331,37.55747],[127.0032,37.5575],[127.0033,37.5577],[127.00331,37.55772],[127.00337,37.55771],[127.00366,37.55764],[127.00383,37.55784],[127.00384,37.55786],[127.00376,37.55783],[127.00363,37.5578],[127.00373,37.55803],[127.0038,37.5582],[127.0038,37.55821],[127.00374,37.5583],[127.00363,37.55844],[127.00362,37.55845],[127.00362,37.55845],[127.00359,37.55856],[127.00359,37.55859],[127.00358,37.55859],[127.00344,37.55871],[127.00342,37.55873],[127.0034,37.55875],[127.00334,37.55879],[127.00334,37.55879],[127.00321,37.55874],[127.00315,37.55871],[127.00311,37.5587],[127.00297,37.55864],[127.00281,37.55858],[127.00272,37.55854],[127.00272,37.55854],[127.00272,37.55851],[127.00263,37.55848],[127.00262,37.55847],[127.00251,37.55853],[127.00245,37.55847],[127.00244,37.55848],[127.00244,37.55848],[127.00239,37.5585],[127.00237,37.55845],[127.00236,37.55844],[127.00234,37.55839],[127.00234,37.55839],[127.00234,37.55838],[127.00227,37.55837],[127.00224,37.5583],[127.00224,37.5583],[127.00221,37.55823],[127.0022,37.55822],[127.0022,37.55822],[127.00214,37.55824],[127.00205,37.55826],[127.00193,37.55828],[127.00187,37.5583],[127.00176,37.55832],[127.00169,37.55834],[127.00159,37.55836],[127.00154,37.55837],[127.00139,37.55841],[127.00139,37.55841],[127.00141,37.55845],[127.00143,37.55846],[127.00146,37.55851],[127.0015,37.55861],[127.00152,37.55866],[127.00155,37.55871],[127.00156,37.55873],[127.00157,37.55875],[127.00161,37.55887],[127.00162,37.55886],[127.00165,37.55885],[127.00172,37.55882],[127.00172,37.55881],[127.00184,37.55875],[127.00187,37.55873],[127.00198,37.55873],[127.00199,37.55873],[127.00204,37.55875],[127.00205,37.55876],[127.00206,37.55877],[127.0021,37.5588],[127.00213,37.55882],[127.00221,37.55888],[127.00226,37.55891],[127.00226,37.55892],[127.0023,37.55893],[127.00241,37.55897],[127.00246,37.55898],[127.00253,37.55899],[127.00262,37.55901],[127.00268,37.55902],[127.00285,37.55904],[127.00287,37.55905],[127.00306,37.55918],[127.00309,37.55916],[127.00321,37.5591],[127.00325,37.55908],[127.00338,37.55902],[127.00344,37.559],[127.00361,37.559],[127.00375,37.55901],[127.00394,37.55901],[127.00417,37.55902],[127.00438,37.55903],[127.00445,37.55903],[127.00446,37.55903],[127.00452,37.55903],[127.00473,37.55904],[127.00475,37.55904],[127.00477,37.55904],[127.00491,37.55904],[127.005,37.55904],[127.00503,37.55905],[127.00515,37.55905],[127.00516,37.55905],[127.00532,37.55906],[127.00537,37.55906],[127.00561,37.55906],[127.00572,37.55907],[127.00608,37.55901],[127.0062,37.55899],[127.00622,37.55898],[127.00623,37.55898],[127.00635,37.55896],[127.00653,37.55889],[127.00689,37.55873],[127.00693,37.55872],[127.00694,37.55871],[127.00715,37.5586],[127.0073,37.55852],[127.00754,37.55839],[127.00755,37.55838],[127.00756,37.55838],[127.0076,37.55836],[127.00777,37.55827],[127.00779,37.55826],[127.00789,37.55821],[127.00804,37.55813],[127.00815,37.55807],[127.00818,37.55804],[127.00818,37.55803],[127.00821,37.55801],[127.00822,37.558],[127.00821,37.55797],[127.00818,37.55788],[127.00816,37.5578],[127.00816,37.5578],[127.00818,37.55771],[127.00819,37.55768],[127.00824,37.55758],[127.00829,37.55748],[127.00834,37.55736],[127.00837,37.5573],[127.00837,37.55714],[127.00814,37.55683],[127.00797,37.55658],[127.00793,37.55651],[127.00783,37.55643],[127.00762,37.55634],[127.00751,37.55634],[127.0075,37.55634],[127.00749,37.55634],[127.00745,37.55634],[127.00745,37.55634],[127.00727,37.55628],[127.00715,37.55618],[127.00699,37.5559],[127.00689,37.5558],[127.00688,37.5558],[127.0068,37.55572],[127.00679,37.55572],[127.00653,37.55564],[127.00651,37.55564],[127.00633,37.55556],[127.00616,37.55535],[127.00608,37.55523],[127.00608,37.55522],[127.00606,37.55519],[127.00602,37.55512],[127.00594,37.55505],[127.00592,37.55503],[127.00587,37.555],[127.00582,37.55497],[127.00581,37.55495],[127.0058,37.55495],[127.00575,37.55492],[127.00545,37.55472],[127.00528,37.55461],[127.00522,37.55457],[127.00513,37.55449],[127.00506,37.55443],[127.00506,37.55442],[127.00506,37.55442],[127.00508,37.5544],[127.00508,37.5544],[127.00508,37.55439],[127.00508,37.55438],[127.00504,37.55434],[127.00503,37.55432],[127.00502,37.55432],[127.00502,37.55431],[127.00489,37.55417],[127.00485,37.55411],[127.00483,37.55409],[127.0048,37.55405],[127.00478,37.55403],[127.00472,37.55394],[127.00469,37.55392],[127.00463,37.55388],[127.00457,37.55384],[127.00451,37.5538],[127.00451,37.55378],[127.00451,37.55375],[127.00451,37.55372],[127.00452,37.55369],[127.00454,37.55361],[127.00453,37.5536],[127.00449,37.55354],[127.00443,37.55348],[127.00445,37.55338],[127.00445,37.55338],[127.00445,37.55335],[127.00447,37.55323],[127.00449,37.55316],[127.0045,37.55306],[127.00447,37.55304],[127.00441,37.553],[127.00435,37.55297],[127.00432,37.55287],[127.00432,37.55285],[127.00427,37.55265],[127.00429,37.55253],[127.00425,37.55255],[127.00419,37.55258],[127.00418,37.55251],[127.00416,37.55243],[127.00415,37.55242],[127.00397,37.55219],[127.00395,37.55212],[127.00391,37.55201],[127.00388,37.55194],[127.00379,37.55196],[127.00378,37.55191],[127.00379,37.55183],[127.00379,37.55183],[127.0038,37.55172],[127.00382,37.5516],[127.00382,37.55158],[127.00384,37.5515],[127.00386,37.55135],[127.00402,37.55108],[127.00402,37.55107],[127.00412,37.55091],[127.00426,37.55083],[127.00432,37.55078],[127.0044,37.55071],[127.0044,37.55071],[127.00439,37.55067],[127.00439,37.55067],[127.00437,37.55062],[127.00436,37.55056],[127.00434,37.5505],[127.00434,37.5505],[127.00423,37.55038],[127.00423,37.55038],[127.00423,37.55038],[127.00428,37.55027],[127.0043,37.55024],[127.00432,37.5502],[127.00421,37.55015],[127.00419,37.55015],[127.004,37.55011],[127.00372,37.55007],[127.00358,37.55005],[127.00294,37.54741],[127.0028,37.54687],[127.00267,37.5463],[127.00258,37.54582],[127.00255,37.54568],[127.00226,37.54441],[127.00226,37.54437],[127.00224,37.54431],[127.00219,37.54405],[127.00202,37.54328],[127.00202,37.54318],[127.00201,37.54311],[127.00202,37.54286],[127.00203,37.54258],[127.00217,37.54228],[127.00211,37.54213],[127.00209,37.54208],[127.00204,37.54192],[127.00199,37.54167],[127.00189,37.54173],[127.00171,37.54189],[127.00156,37.54204],[127.00126,37.54247],[127.00098,37.54297],[127.00087,37.54289],[127.00038,37.5425],[126.99922,37.5415],[126.99876,37.54115],[126.9982,37.54094],[126.99791,37.54091],[126.99763,37.54092],[126.99763,37.54092],[126.9976,37.54093],[126.99757,37.54093],[126.99756,37.54093],[126.99714,37.54103],[126.997,37.54108],[126.9969,37.54112],[126.99689,37.54113],[126.99678,37.54117],[126.99664,37.54126],[126.99639,37.54143],[126.99609,37.54163],[126.99568,37.54189],[126.99546,37.54201],[126.99534,37.54205],[126.99509,37.54211],[126.99452,37.54221],[126.9944,37.54224],[126.99426,37.54228],[126.99418,37.54232],[126.99398,37.5424],[126.99389,37.54245],[126.99363,37.54255],[126.99345,37.5426],[126.99334,37.54262],[126.9929,37.54263],[126.99239,37.54264],[126.99221,37.54264],[126.99197,37.54265],[126.99175,37.54269],[126.99161,37.54274],[126.99149,37.54279],[126.9914,37.54287],[126.99131,37.54297],[126.99125,37.54306],[126.99119,37.54323],[126.99115,37.5434],[126.99114,37.54348],[126.99113,37.54355],[126.99113,37.54366],[126.99113,37.5438],[126.99114,37.54398],[126.99113,37.54408],[126.99111,37.54419],[126.99102,37.54436],[126.99101,37.54439],[126.99096,37.54448],[126.99085,37.54468],[126.99057,37.54513],[126.99054,37.54518],[126.99052,37.54521],[126.99045,37.54531],[126.99035,37.54541],[126.99034,37.54542],[126.99033,37.54542],[126.99024,37.54551],[126.9901,37.54561],[126.99002,37.54566],[126.98966,37.5459],[126.98942,37.54603],[126.98942,37.54604],[126.98925,37.54612],[126.98911,37.54618],[126.98897,37.54621],[126.98891,37.54621],[126.98883,37.54622],[126.98873,37.54621],[126.9886,37.54619],[126.98788,37.54604],[126.98769,37.54603],[126.98744,37.54601],[126.98744,37.54601],[126.98733,37.54603],[126.98731,37.54603],[126.98669,37.54614],[126.98647,37.54619],[126.98635,37.54621],[126.98601,37.54629],[126.9857,37.54637],[126.98559,37.54641],[126.9853,37.54654],[126.98512,37.54665],[126.98472,37.54688],[126.9845,37.547],[126.98449,37.547],[126.98449,37.547],[126.98447,37.54704],[126.98446,37.54705],[126.98444,37.54711],[126.98443,37.54721],[126.98441,37.54761],[126.9844,37.54791],[126.98437,37.54814],[126.98434,37.54829],[126.98431,37.54837],[126.98427,37.54847],[126.98412,37.54869],[126.9841,37.54872],[126.98379,37.54862],[126.98355,37.54854],[126.98358,37.54854],[126.98361,37.54852],[126.98364,37.54849],[126.9837,37.54842],[126.9838,37.54832],[126.98386,37.54827],[126.9839,37.54823],[126.98389,37.54821],[126.9838,37.54818],[126.98347,37.54807],[126.98337,37.54805],[126.98336,37.54804],[126.98332,37.54804],[126.98326,37.54803],[126.98329,37.54811],[126.98329,37.54816],[126.98328,37.54823],[126.98325,37.54828],[126.98325,37.5483],[126.98325,37.5483],[126.98324,37.54833],[126.98323,37.54833],[126.98321,37.54835],[126.98308,37.54848],[126.98305,37.54852],[126.98303,37.54854],[126.983,37.54859],[126.98297,37.54863],[126.98292,37.54881],[126.98288,37.54895],[126.98285,37.54905],[126.98277,37.54933],[126.98275,37.54938],[126.98271,37.54942],[126.98261,37.54953],[126.98256,37.54957],[126.98254,37.54958],[126.98248,37.54962],[126.9824,37.54968],[126.9824,37.54971],[126.9824,37.54973],[126.98237,37.54982],[126.98234,37.54986],[126.98231,37.54988],[126.98225,37.5499],[126.98219,37.54989],[126.98219,37.54989],[126.98222,37.54991],[126.98225,37.54994],[126.98232,37.55],[126.98242,37.55006],[126.98265,37.55022],[126.98267,37.55024],[126.98252,37.55038],[126.98249,37.55041],[126.98245,37.55043],[126.9824,37.55043],[126.98239,37.55043],[126.98236,37.55047],[126.98228,37.55058],[126.9824,37.55064],[126.98255,37.5508],[126.98263,37.55091],[126.98259,37.55094],[126.98264,37.55097],[126.98291,37.55112],[126.983,37.55116],[126.98284,37.55137],[126.98264,37.5516],[126.98234,37.55188],[126.98229,37.55193],[126.9821,37.55209],[126.98206,37.55213],[126.98174,37.55222],[126.98166,37.55222],[126.98063,37.55212],[126.98022,37.55224],[126.98003,37.55237],[126.97966,37.55263],[126.97935,37.5529],[126.97936,37.55311],[126.97936,37.5533],[126.97936,37.5533],[126.97919,37.55329],[126.97889,37.55325],[126.97873,37.5532],[126.97873,37.5532],[126.97872,37.5537],[126.97871,37.55376],[126.97871,37.5538]]]}},{"type":"Feature","properties":{"cd":"POI066","nm":"북촌한옥마을","cat":"발달상권","lon":126.984001,"lat":37.582236},"geometry":{"type":"Polygon","coordinates":[[[126.98819,37.58368],[126.98873,37.58384],[126.98874,37.58381],[126.98876,37.58382],[126.98877,37.58384],[126.98881,37.58387],[126.98879,37.58392],[126.98884,37.58394],[126.98885,37.58393],[126.98886,37.5839],[126.98889,37.58389],[126.989,37.58396],[126.98903,37.58402],[126.98908,37.58404],[126.98913,37.58394],[126.9892,37.58386],[126.98933,37.58368],[126.98937,37.58351],[126.98937,37.58351],[126.98937,37.58332],[126.98938,37.58326],[126.98939,37.5831],[126.98937,37.58291],[126.9894,37.58287],[126.98949,37.58274],[126.98956,37.58269],[126.98967,37.58255],[126.98974,37.58231],[126.98971,37.58218],[126.98965,37.58205],[126.98957,37.58191],[126.98949,37.58176],[126.98948,37.58164],[126.98945,37.58164],[126.98945,37.58143],[126.98947,37.5814],[126.98949,37.58135],[126.9895,37.58134],[126.98951,37.58113],[126.9895,37.58092],[126.98936,37.58092],[126.98932,37.57999],[126.98929,37.57999],[126.98929,37.57995],[126.98932,37.57995],[126.98933,37.57993],[126.98933,37.5799],[126.98933,37.57896],[126.98968,37.57778],[126.9897,37.57779],[126.98981,37.5774],[126.98934,37.57736],[126.98933,37.57724],[126.98836,37.57722],[126.98795,37.57722],[126.98787,37.57722],[126.98751,37.57718],[126.98725,37.57713],[126.98676,37.57697],[126.98438,37.57584],[126.98412,37.57574],[126.98412,37.57573],[126.98405,37.57571],[126.98345,37.57549],[126.98303,37.57544],[126.98263,37.57541],[126.98234,37.5754],[126.98185,37.5755],[126.98169,37.57554],[126.98095,37.57564],[126.98024,37.57573],[126.98015,37.57574],[126.98001,37.57574],[126.98001,37.57574],[126.98001,37.57574],[126.97997,37.57574],[126.97997,37.57574],[126.9799,37.57573],[126.97985,37.57572],[126.97975,37.57569],[126.97969,37.57567],[126.97966,37.57565],[126.97963,37.57567],[126.97959,37.57568],[126.97954,37.57569],[126.97948,37.57577],[126.97956,37.57588],[126.97946,37.57615],[126.97943,37.57615],[126.97935,37.57802],[126.97942,37.57892],[126.97948,37.57926],[126.98032,37.5818],[126.98042,37.58226],[126.98044,37.58229],[126.98044,37.58232],[126.98045,37.58238],[126.98045,37.58243],[126.98041,37.58253],[126.98039,37.58256],[126.98033,37.58261],[126.98,37.58283],[126.97937,37.58334],[126.97922,37.58343],[126.97923,37.58344],[126.97926,37.58343],[126.9793,37.58352],[126.97927,37.58353],[126.97926,37.58357],[126.97925,37.5837],[126.97925,37.58371],[126.97923,37.58378],[126.97929,37.5838],[126.97934,37.58382],[126.97948,37.58393],[126.97949,37.58396],[126.97938,37.58448],[126.97933,37.58501],[126.97958,37.58504],[126.97957,37.5851],[126.97972,37.58514],[126.97976,37.58515],[126.97978,37.58515],[126.97978,37.58521],[126.97983,37.58517],[126.98008,37.58534],[126.97983,37.58553],[126.97983,37.58554],[126.97982,37.58575],[126.97978,37.58597],[126.97988,37.58623],[126.97991,37.58632],[126.97983,37.58649],[126.97959,37.58697],[126.97981,37.58749],[126.97982,37.5875],[126.97998,37.58764],[126.97999,37.58765],[126.98005,37.58769],[126.97989,37.58781],[126.97988,37.58779],[126.97979,37.58776],[126.97969,37.58776],[126.97973,37.58789],[126.97988,37.5879],[126.97991,37.58799],[126.97997,37.58804],[126.98005,37.58806],[126.98018,37.58815],[126.98006,37.58824],[126.98006,37.58828],[126.97992,37.58835],[126.97989,37.58842],[126.97988,37.58855],[126.97978,37.58858],[126.97975,37.58863],[126.97973,37.58871],[126.97973,37.58884],[126.97976,37.58887],[126.97968,37.58891],[126.97971,37.58906],[126.97967,37.58919],[126.97963,37.58929],[126.97964,37.58941],[126.9797,37.58946],[126.97977,37.58968],[126.9795,37.58984],[126.97945,37.5898],[126.97927,37.58989],[126.97933,37.58994],[126.97934,37.59009],[126.9793,37.59021],[126.97939,37.59034],[126.97972,37.59035],[126.97988,37.59019],[126.9807,37.59041],[126.98091,37.59031],[126.98111,37.59019],[126.9815,37.59023],[126.98189,37.58943],[126.98177,37.58926],[126.98181,37.58925],[126.98183,37.58906],[126.98236,37.58908],[126.98257,37.58858],[126.9826,37.5886],[126.98313,37.58856],[126.98327,37.58863],[126.98332,37.58869],[126.98342,37.58862],[126.98359,37.58861],[126.98362,37.5886],[126.98376,37.58839],[126.98387,37.58815],[126.98387,37.58808],[126.98349,37.58795],[126.98332,37.58776],[126.98332,37.58767],[126.98337,37.58761],[126.98364,37.5877],[126.9838,37.58769],[126.98395,37.58763],[126.98405,37.58755],[126.98407,37.58746],[126.98424,37.58762],[126.98453,37.58789],[126.98486,37.58795],[126.98509,37.58824],[126.98551,37.58804],[126.98565,37.58807],[126.98591,37.58795],[126.986,37.58798],[126.98592,37.58835],[126.98607,37.58856],[126.98611,37.5886],[126.9862,37.58863],[126.98624,37.58864],[126.98639,37.58887],[126.98664,37.58902],[126.98682,37.58894],[126.98688,37.58877],[126.98703,37.58869],[126.98724,37.58869],[126.9874,37.58864],[126.98769,37.5884],[126.98783,37.58833],[126.98773,37.5881],[126.98783,37.58787],[126.9877,37.58749],[126.98767,37.58727],[126.98771,37.58714],[126.9877,37.58712],[126.98774,37.58703],[126.98782,37.58678],[126.98787,37.58667],[126.98784,37.58642],[126.98779,37.5862],[126.98785,37.58597],[126.98795,37.58572],[126.98795,37.58556],[126.98784,37.58554],[126.98772,37.58537],[126.98759,37.58524],[126.98755,37.58524],[126.98754,37.58501],[126.98758,37.5849],[126.98725,37.58485],[126.98736,37.58459],[126.98757,37.58403],[126.98758,37.58394],[126.98767,37.58377],[126.9881,37.58371],[126.98811,37.58366],[126.98819,37.58368]]]}},{"type":"Feature","properties":{"cd":"POI067","nm":"서촌","cat":"발달상권","lon":126.969575,"lat":37.580368},"geometry":{"type":"Polygon","coordinates":[[[126.96566,37.57956],[126.96529,37.57963],[126.96506,37.57958],[126.96492,37.57962],[126.96488,37.57969],[126.96491,37.57948],[126.9646,37.57947],[126.96445,37.57958],[126.96395,37.57968],[126.96385,37.5798],[126.96389,37.58008],[126.9641,37.58019],[126.96407,37.58035],[126.96392,37.58044],[126.96387,37.58057],[126.96397,37.58061],[126.9641,37.58069],[126.96413,37.58076],[126.96418,37.58084],[126.96419,37.58096],[126.9642,37.58118],[126.9642,37.58131],[126.96417,37.58152],[126.9641,37.58181],[126.9638,37.58198],[126.96388,37.58206],[126.96408,37.58203],[126.96397,37.58217],[126.96399,37.58227],[126.96399,37.58237],[126.96398,37.58248],[126.96397,37.58258],[126.96403,37.58259],[126.96408,37.5826],[126.96429,37.58266],[126.96438,37.58274],[126.96444,37.5828],[126.96444,37.58288],[126.96449,37.58296],[126.96468,37.58296],[126.9648,37.583],[126.96497,37.58306],[126.96502,37.58314],[126.965,37.58329],[126.96496,37.58335],[126.96497,37.58342],[126.96505,37.58349],[126.96505,37.5835],[126.96497,37.58389],[126.96503,37.58392],[126.96516,37.58396],[126.96546,37.58401],[126.96551,37.584],[126.96579,37.58395],[126.96622,37.58402],[126.96645,37.58414],[126.96662,37.58422],[126.96671,37.58417],[126.96681,37.58414],[126.96696,37.58417],[126.96703,37.5844],[126.96708,37.58438],[126.96722,37.58432],[126.96751,37.58427],[126.96767,37.58423],[126.96792,37.58418],[126.96809,37.58411],[126.96832,37.58409],[126.96862,37.58403],[126.96907,37.58396],[126.97022,37.5838],[126.97324,37.58365],[126.9736,37.58356],[126.9738,37.57952],[126.97423,37.57591],[126.97109,37.57614],[126.97023,37.57621],[126.96968,37.57619],[126.96948,37.57613],[126.96926,37.5762],[126.96904,37.57628],[126.96885,37.57635],[126.96846,37.5765],[126.9683,37.57659],[126.96808,37.5767],[126.96792,37.57685],[126.96776,37.57694],[126.96766,37.57706],[126.96759,37.57723],[126.96759,37.57734],[126.96759,37.5775],[126.9676,37.57757],[126.96724,37.5776],[126.96721,37.57762],[126.96683,37.57763],[126.96668,37.57769],[126.96599,37.57772],[126.96595,37.57783],[126.966,37.57784],[126.96619,37.57797],[126.9663,37.57802],[126.96647,37.57805],[126.96663,37.57811],[126.96669,37.57822],[126.96689,37.57816],[126.96697,37.57816],[126.96697,37.57822],[126.96719,37.57822],[126.9673,37.57818],[126.96727,37.57805],[126.96761,37.57802],[126.96761,37.57789],[126.96768,37.57788],[126.96768,37.57791],[126.96771,37.57794],[126.96816,37.57793],[126.96818,37.57805],[126.96844,37.57803],[126.96848,37.5782],[126.9682,37.57825],[126.96818,37.5783],[126.96816,37.57832],[126.96816,37.5784],[126.96816,37.57849],[126.96819,37.57858],[126.96822,37.57868],[126.96824,37.57878],[126.96829,37.57885],[126.96835,37.57899],[126.96826,37.5791],[126.96818,37.57924],[126.96793,37.57913],[126.96793,37.57907],[126.9679,37.57905],[126.96784,37.57899],[126.96776,37.57897],[126.96763,37.57899],[126.96747,37.57903],[126.96747,37.57928],[126.96745,37.57953],[126.9674,37.57969],[126.96694,37.57958],[126.96646,37.57958],[126.96646,37.57943],[126.96635,37.57938],[126.96622,37.57936],[126.9662,37.57944],[126.9661,37.57944],[126.96577,37.57936],[126.96574,37.57944],[126.96567,37.57938],[126.96566,37.57946],[126.96566,37.57956]]]}},{"type":"Feature","properties":{"cd":"POI068","nm":"성수카페거리","cat":"발달상권","lon":127.056596,"lat":37.542966},"geometry":{"type":"Polygon","coordinates":[[[127.04967,37.54442],[127.05002,37.54532],[127.05063,37.54689],[127.06423,37.54276],[127.06393,37.54219],[127.06299,37.54049],[127.06223,37.53919],[127.06185,37.53962],[127.05743,37.54098],[127.0573,37.54072],[127.05506,37.53966],[127.0545,37.54102],[127.05362,37.54206],[127.05104,37.54203],[127.05157,37.5429],[127.04953,37.54403],[127.04967,37.54442]]]}},{"type":"Feature","properties":{"cd":"POI070","nm":"쌍문역","cat":"인구밀집지역","lon":127.034032,"lat":37.647656},"geometry":{"type":"Polygon","coordinates":[[[127.03349,37.6466],[127.03345,37.64654],[127.03345,37.64653],[127.03344,37.64652],[127.03335,37.64637],[127.03323,37.64616],[127.03311,37.64597],[127.03305,37.64586],[127.03301,37.64579],[127.03294,37.64568],[127.03288,37.64557],[127.03282,37.64547],[127.03276,37.64538],[127.03271,37.6453],[127.03266,37.6452],[127.03264,37.64518],[127.03255,37.64502],[127.03247,37.64488],[127.03243,37.64483],[127.03236,37.6447],[127.0323,37.6446],[127.03229,37.64458],[127.03225,37.64451],[127.03222,37.64447],[127.03222,37.64447],[127.03203,37.64416],[127.03195,37.64405],[127.03195,37.64405],[127.03183,37.64388],[127.0318,37.64384],[127.03173,37.64376],[127.03173,37.64375],[127.03167,37.64368],[127.03159,37.64359],[127.03141,37.64339],[127.03139,37.64337],[127.03137,37.64335],[127.03133,37.64332],[127.03125,37.64324],[127.03107,37.64307],[127.03085,37.64287],[127.03072,37.64295],[127.03011,37.64334],[127.03009,37.64335],[127.03012,37.64338],[127.03038,37.6436],[127.03045,37.64367],[127.03049,37.6437],[127.03054,37.64375],[127.03058,37.64379],[127.03061,37.64382],[127.03069,37.64389],[127.03075,37.64395],[127.03083,37.64402],[127.03084,37.64403],[127.03088,37.64407],[127.03088,37.64407],[127.03093,37.64411],[127.03094,37.64412],[127.03099,37.64418],[127.031,37.6442],[127.03105,37.64428],[127.03107,37.64432],[127.03111,37.64437],[127.03111,37.64438],[127.03115,37.64444],[127.03116,37.64446],[127.03119,37.6445],[127.03122,37.64455],[127.03126,37.64462],[127.03126,37.64463],[127.03131,37.64471],[127.03132,37.64473],[127.03144,37.64493],[127.03168,37.64534],[127.03174,37.64545],[127.03168,37.64547],[127.03154,37.64552],[127.03155,37.64556],[127.03165,37.646],[127.03166,37.64608],[127.03166,37.64608],[127.03166,37.64609],[127.03162,37.64616],[127.0316,37.64621],[127.03154,37.64633],[127.03151,37.64639],[127.03149,37.64644],[127.03148,37.64645],[127.03143,37.64657],[127.03142,37.64659],[127.0314,37.64664],[127.03139,37.64665],[127.03136,37.64673],[127.0313,37.64687],[127.03126,37.64694],[127.03126,37.64694],[127.03123,37.64699],[127.03123,37.64699],[127.03124,37.64699],[127.03134,37.64698],[127.03135,37.64698],[127.03147,37.64698],[127.03153,37.64698],[127.03157,37.64698],[127.03157,37.64702],[127.03157,37.64702],[127.03158,37.64707],[127.0316,37.6472],[127.03161,37.64724],[127.03162,37.64731],[127.03163,37.64738],[127.03164,37.64742],[127.03165,37.64745],[127.03167,37.64755],[127.03168,37.64758],[127.03168,37.64759],[127.03169,37.64764],[127.0317,37.6477],[127.03171,37.64775],[127.03172,37.64782],[127.03172,37.64782],[127.03173,37.64786],[127.03173,37.64787],[127.03174,37.64792],[127.03174,37.64793],[127.03173,37.64793],[127.03163,37.64794],[127.0316,37.64794],[127.03148,37.64794],[127.03147,37.64797],[127.03147,37.64799],[127.03147,37.648],[127.03146,37.64807],[127.03145,37.6481],[127.03144,37.6482],[127.03144,37.64821],[127.03143,37.64824],[127.03141,37.64838],[127.03138,37.64838],[127.03132,37.64838],[127.0313,37.64837],[127.03123,37.64837],[127.0312,37.64836],[127.03113,37.64835],[127.03113,37.64838],[127.03113,37.64838],[127.0311,37.64847],[127.03109,37.64851],[127.03108,37.64854],[127.03107,37.64855],[127.03106,37.6486],[127.03105,37.64863],[127.03102,37.64871],[127.03102,37.64872],[127.03101,37.64876],[127.031,37.64881],[127.03118,37.64885],[127.03123,37.64885],[127.03125,37.64886],[127.03133,37.64887],[127.03142,37.64889],[127.0315,37.6489],[127.03162,37.64893],[127.03159,37.64904],[127.03159,37.64904],[127.03159,37.64906],[127.03171,37.64907],[127.03184,37.64908],[127.03184,37.64904],[127.03185,37.64902],[127.03185,37.64896],[127.03186,37.64895],[127.03186,37.64892],[127.03186,37.64886],[127.03187,37.64885],[127.03187,37.64881],[127.03188,37.64874],[127.03188,37.64872],[127.03188,37.64867],[127.03188,37.64867],[127.03188,37.64865],[127.03189,37.64858],[127.0319,37.64851],[127.03191,37.64845],[127.03195,37.64846],[127.03198,37.64846],[127.03203,37.64846],[127.0321,37.64847],[127.0322,37.64847],[127.03221,37.64848],[127.03231,37.64848],[127.03235,37.64848],[127.03239,37.64849],[127.03239,37.64851],[127.03239,37.64851],[127.03238,37.6486],[127.03237,37.64863],[127.03237,37.64866],[127.03236,37.64869],[127.03235,37.64875],[127.03235,37.64879],[127.03234,37.64884],[127.03234,37.64885],[127.03233,37.64895],[127.03233,37.64898],[127.03232,37.64904],[127.03236,37.64904],[127.03236,37.64904],[127.03237,37.64904],[127.03242,37.64904],[127.03248,37.64905],[127.0325,37.64905],[127.03252,37.64905],[127.03257,37.64905],[127.03264,37.64906],[127.03266,37.64905],[127.03277,37.64901],[127.0328,37.64899],[127.03291,37.64895],[127.033,37.64892],[127.03305,37.6489],[127.03307,37.64889],[127.03314,37.64886],[127.0332,37.64884],[127.0333,37.6488],[127.03332,37.64879],[127.03336,37.64878],[127.03343,37.64875],[127.03343,37.64875],[127.03363,37.64868],[127.03367,37.64869],[127.03369,37.64871],[127.03369,37.64872],[127.03373,37.64879],[127.0338,37.6489],[127.03385,37.64899],[127.03391,37.64909],[127.03396,37.64919],[127.03402,37.64928],[127.03408,37.64938],[127.03418,37.64956],[127.03413,37.64959],[127.03398,37.64964],[127.03393,37.64966],[127.03387,37.64968],[127.03378,37.64972],[127.03376,37.64973],[127.03368,37.64976],[127.03364,37.64977],[127.03359,37.64979],[127.03351,37.64981],[127.03349,37.64981],[127.03347,37.64982],[127.03344,37.64982],[127.03342,37.65002],[127.03341,37.65009],[127.03341,37.65014],[127.0334,37.65019],[127.0334,37.65022],[127.03339,37.65025],[127.03339,37.6503],[127.03339,37.65031],[127.03338,37.65038],[127.03338,37.65039],[127.03337,37.65046],[127.03352,37.65047],[127.03362,37.65047],[127.0336,37.65063],[127.03334,37.65061],[127.03333,37.65066],[127.03333,37.65068],[127.03332,37.65076],[127.03331,37.65083],[127.0333,37.65087],[127.03328,37.65103],[127.03327,37.65114],[127.03327,37.65114],[127.03373,37.65118],[127.03374,37.65118],[127.03396,37.6512],[127.03398,37.6512],[127.03402,37.6512],[127.03402,37.6512],[127.03503,37.65127],[127.03504,37.65128],[127.03504,37.65128],[127.03521,37.65129],[127.03521,37.65129],[127.03522,37.65129],[127.03629,37.65137],[127.03633,37.65137],[127.03633,37.65137],[127.03631,37.65134],[127.03607,37.65094],[127.03601,37.65084],[127.036,37.65082],[127.03575,37.6504],[127.03556,37.65008],[127.03529,37.64962],[127.03526,37.64957],[127.03511,37.64932],[127.03626,37.64881],[127.0372,37.64885],[127.03744,37.64628],[127.0347,37.6461],[127.03348,37.64659],[127.03349,37.6466]]]}},{"type":"Feature","properties":{"cd":"POI071","nm":"압구정로데오거리","cat":"발달상권","lon":127.038734,"lat":37.525495},"geometry":{"type":"Polygon","coordinates":[[[127.0336,37.5279],[127.03366,37.52838],[127.03367,37.52845],[127.03372,37.52875],[127.03377,37.52913],[127.03377,37.52916],[127.03378,37.52916],[127.03394,37.52916],[127.03411,37.52917],[127.03412,37.52917],[127.03432,37.52917],[127.03447,37.52917],[127.03482,37.52916],[127.03509,37.52913],[127.03517,37.52913],[127.03528,37.52911],[127.03542,37.5291],[127.03552,37.52908],[127.03569,37.52905],[127.03574,37.52905],[127.0358,37.52904],[127.03603,37.52899],[127.03609,37.52898],[127.03621,37.52895],[127.03632,37.52893],[127.03637,37.52891],[127.03663,37.52885],[127.03685,37.52879],[127.0369,37.52878],[127.03692,37.52877],[127.03717,37.52871],[127.03744,37.52864],[127.03771,37.52857],[127.0379,37.52852],[127.03798,37.5285],[127.03805,37.52848],[127.03824,37.52844],[127.03837,37.5284],[127.03912,37.52821],[127.03983,37.52803],[127.04028,37.52792],[127.04069,37.52781],[127.04069,37.52781],[127.04069,37.52781],[127.04234,37.52739],[127.04366,37.52705],[127.04376,37.52703],[127.04376,37.52703],[127.04378,37.52702],[127.04382,37.52701],[127.04455,37.52682],[127.04471,37.52678],[127.04518,37.52666],[127.04535,37.52661],[127.04538,37.5266],[127.04541,37.52659],[127.04543,37.52658],[127.04559,37.52652],[127.04567,37.52649],[127.04569,37.52648],[127.04581,37.52641],[127.04589,37.52636],[127.04599,37.52629],[127.04602,37.52627],[127.0461,37.52621],[127.0462,37.52613],[127.04622,37.52611],[127.04629,37.52604],[127.04636,37.52596],[127.04638,37.52593],[127.04646,37.52584],[127.04653,37.52573],[127.04655,37.52569],[127.04659,37.52561],[127.04662,37.52556],[127.04666,37.52549],[127.04667,37.52547],[127.04668,37.52544],[127.04669,37.52543],[127.04679,37.52523],[127.0468,37.52521],[127.04688,37.52506],[127.0469,37.52503],[127.04692,37.52499],[127.04694,37.52497],[127.04695,37.52494],[127.04701,37.52482],[127.04703,37.52479],[127.04712,37.52461],[127.04714,37.52458],[127.04717,37.52453],[127.04723,37.52441],[127.04725,37.52437],[127.04734,37.52421],[127.04734,37.52421],[127.04714,37.52418],[127.04695,37.52416],[127.04688,37.52415],[127.04663,37.52412],[127.04644,37.52409],[127.04631,37.52408],[127.04625,37.52407],[127.04623,37.52407],[127.04598,37.52404],[127.04574,37.52401],[127.04564,37.52399],[127.04559,37.52398],[127.04531,37.52395],[127.04497,37.52391],[127.04465,37.52386],[127.04352,37.52373],[127.0435,37.52373],[127.04349,37.52373],[127.04333,37.52371],[127.04302,37.52368],[127.043,37.52368],[127.04298,37.52368],[127.04289,37.52367],[127.04282,37.52366],[127.04261,37.52363],[127.04241,37.52361],[127.04234,37.5236],[127.04201,37.52356],[127.04136,37.52347],[127.04053,37.52336],[127.04053,37.52336],[127.0403,37.52333],[127.04008,37.5233],[127.03996,37.52329],[127.03978,37.52326],[127.03945,37.52322],[127.03926,37.5232],[127.03906,37.52318],[127.03906,37.52318],[127.03906,37.52318],[127.03843,37.52298],[127.03822,37.52292],[127.03819,37.5229],[127.03753,37.5227],[127.03738,37.52265],[127.03738,37.52265],[127.03699,37.52252],[127.03697,37.52252],[127.03594,37.52219],[127.03594,37.52219],[127.03472,37.52181],[127.03452,37.52174],[127.03385,37.52153],[127.03384,37.52152],[127.0337,37.52182],[127.03345,37.52237],[127.03345,37.52237],[127.03344,37.5224],[127.0333,37.52275],[127.03324,37.52301],[127.03324,37.52302],[127.03319,37.5232],[127.03317,37.52332],[127.03316,37.52343],[127.03313,37.52367],[127.03312,37.52378],[127.0331,37.52397],[127.0331,37.52403],[127.03311,37.52438],[127.03328,37.52559],[127.03332,37.52588],[127.03339,37.52638],[127.03342,37.52661],[127.03351,37.52721],[127.03355,37.52756],[127.03359,37.5278],[127.0336,37.5279]]]}},{"type":"Feature","properties":{"cd":"POI073","nm":"연남동","cat":"발달상권","lon":126.922338,"lat":37.561617},"geometry":{"type":"Polygon","coordinates":[[[126.92296,37.56417],[126.92298,37.56418],[126.92422,37.5648],[126.92533,37.56527],[126.92667,37.56442],[126.92814,37.56311],[126.9274,37.56213],[126.92718,37.56179],[126.92709,37.56176],[126.92698,37.56171],[126.92694,37.56167],[126.92649,37.56142],[126.92601,37.56106],[126.92585,37.5609],[126.92559,37.56042],[126.92553,37.56038],[126.92548,37.56039],[126.92539,37.56039],[126.92529,37.5604],[126.92525,37.5604],[126.92522,37.56041],[126.92514,37.56043],[126.92513,37.56043],[126.92506,37.56044],[126.92497,37.56051],[126.92496,37.56051],[126.92491,37.56055],[126.92489,37.56058],[126.92487,37.56058],[126.9248,37.5606],[126.92478,37.56061],[126.92475,37.56063],[126.92474,37.56063],[126.92467,37.56066],[126.92462,37.56076],[126.92451,37.56079],[126.92414,37.56089],[126.92405,37.56075],[126.924,37.56062],[126.92396,37.56055],[126.92395,37.56029],[126.92391,37.56014],[126.92387,37.56015],[126.92385,37.56008],[126.92381,37.56005],[126.92377,37.55998],[126.92327,37.56059],[126.92175,37.55956],[126.91885,37.55757],[126.91629,37.56031],[126.91931,37.56213],[126.92044,37.56277],[126.92043,37.56278],[126.92115,37.56321],[126.92115,37.56321],[126.92126,37.56328],[126.9216,37.56345],[126.92164,37.56347],[126.9218,37.56355],[126.92184,37.56357],[126.92296,37.56417]]]}},{"type":"Feature","properties":{"cd":"POI074","nm":"영등포 타임스퀘어","cat":"발달상권","lon":126.906151,"lat":37.516863},"geometry":{"type":"Polygon","coordinates":[[[126.90347,37.51414],[126.90375,37.51431],[126.90364,37.51446],[126.90407,37.51465],[126.90423,37.51491],[126.90422,37.51491],[126.90421,37.51491],[126.90404,37.51491],[126.90389,37.51492],[126.90386,37.51492],[126.90383,37.51492],[126.90382,37.51492],[126.90372,37.51494],[126.90366,37.51496],[126.90363,37.51497],[126.90356,37.515],[126.90348,37.51503],[126.90344,37.51504],[126.90334,37.51508],[126.90321,37.51514],[126.9031,37.51519],[126.90309,37.51519],[126.90307,37.5152],[126.90301,37.51522],[126.90292,37.51525],[126.90291,37.51526],[126.90291,37.51526],[126.9029,37.51526],[126.90289,37.51527],[126.90289,37.51527],[126.90288,37.51527],[126.90286,37.51528],[126.90284,37.51529],[126.90274,37.51535],[126.90265,37.51541],[126.90264,37.51542],[126.90261,37.51545],[126.90257,37.51549],[126.90257,37.5155],[126.90253,37.51555],[126.9025,37.51559],[126.90245,37.51566],[126.9024,37.51573],[126.90233,37.51581],[126.90229,37.51588],[126.90227,37.5159],[126.90223,37.51596],[126.90216,37.51605],[126.9021,37.51613],[126.90209,37.51614],[126.90206,37.5162],[126.90205,37.51623],[126.90203,37.51628],[126.90202,37.51631],[126.90199,37.51638],[126.90198,37.51642],[126.90195,37.5165],[126.90192,37.51659],[126.90187,37.51673],[126.90183,37.51684],[126.90182,37.51688],[126.90109,37.51854],[126.90576,37.5181],[126.90573,37.51815],[126.90548,37.51864],[126.90526,37.51908],[126.90492,37.51977],[126.90484,37.51998],[126.90493,37.51996],[126.90585,37.51978],[126.90606,37.51973],[126.90642,37.51965],[126.90704,37.51952],[126.90766,37.51938],[126.90775,37.51937],[126.9078,37.51936],[126.90794,37.51933],[126.90839,37.51923],[126.9095,37.519],[126.91065,37.51875],[126.91133,37.51861],[126.91189,37.51849],[126.91221,37.51843],[126.91234,37.51843],[126.91243,37.51843],[126.91234,37.51839],[126.91217,37.51833],[126.91153,37.51811],[126.91153,37.5181],[126.91135,37.51804],[126.91123,37.518],[126.91123,37.518],[126.91114,37.51797],[126.91074,37.51782],[126.91045,37.51772],[126.90985,37.51751],[126.9094,37.51735],[126.91007,37.51627],[126.90999,37.51627],[126.91009,37.51581],[126.90932,37.5156],[126.90639,37.51415],[126.90467,37.51342],[126.90394,37.51353],[126.90347,37.51414]]]}},{"type":"Feature","properties":{"cd":"POI076","nm":"용리단길","cat":"발달상권","lon":126.971295,"lat":37.531186},"geometry":{"type":"Polygon","coordinates":[[[126.96882,37.53043],[126.97136,37.5331],[126.97208,37.53273],[126.97349,37.5324],[126.97333,37.53132],[126.9735,37.53118],[126.97238,37.53001],[126.97143,37.53015],[126.96953,37.52931],[126.96882,37.53043]]]}},{"type":"Feature","properties":{"cd":"POI077","nm":"이태원 앤틱가구거리","cat":"발달상권","lon":126.993907,"lat":37.532228},"geometry":{"type":"Polygon","coordinates":[[[126.9921,37.53225],[126.99248,37.53245],[126.99284,37.53261],[126.99332,37.53261],[126.9934,37.53253],[126.99365,37.53253],[126.99364,37.53274],[126.9937,37.53287],[126.99378,37.53303],[126.99373,37.53322],[126.99373,37.53323],[126.99365,37.53342],[126.99343,37.53367],[126.99314,37.53395],[126.99309,37.53437],[126.99396,37.53442],[126.99554,37.53452],[126.99566,37.53435],[126.99567,37.53402],[126.99556,37.53311],[126.99668,37.53146],[126.99672,37.53044],[126.99672,37.5304],[126.99672,37.53029],[126.99657,37.53042],[126.99641,37.53046],[126.9959,37.53076],[126.99515,37.53133],[126.99486,37.53113],[126.99465,37.5311],[126.99446,37.5309],[126.9941,37.53088],[126.99371,37.53094],[126.99368,37.53103],[126.99372,37.53141],[126.99225,37.5317],[126.99211,37.53166],[126.99161,37.53044],[126.99166,37.52997],[126.99171,37.52969],[126.99179,37.52961],[126.9918,37.52939],[126.99173,37.52947],[126.9914,37.52993],[126.98994,37.53189],[126.99003,37.53189],[126.99003,37.53189],[126.99071,37.53191],[126.99117,37.53198],[126.9918,37.53215],[126.99194,37.53232],[126.99209,37.53226],[126.9921,37.53225]]]}},{"type":"Feature","properties":{"cd":"POI078","nm":"인사동","cat":"발달상권","lon":126.986063,"lat":37.573863},"geometry":{"type":"Polygon","coordinates":[[[126.9831,37.57574],[126.98421,37.57597],[126.9854,37.57659],[126.98628,37.57688],[126.98664,37.57704],[126.98686,37.57717],[126.98739,37.57733],[126.99005,37.57741],[126.99061,37.57567],[126.98853,37.57543],[126.98865,37.57475],[126.98836,37.57473],[126.98835,37.57471],[126.98818,37.57468],[126.98818,37.5746],[126.98788,37.57454],[126.98787,37.57439],[126.98726,37.57418],[126.98767,37.57351],[126.98788,37.57303],[126.98781,37.5726],[126.98765,37.57163],[126.9877,37.57019],[126.98409,37.57019],[126.98399,37.57019],[126.98331,37.57019],[126.98331,37.5702],[126.98314,37.57019],[126.98314,37.57106],[126.98314,37.57106],[126.9832,37.57204],[126.983,37.57522],[126.98304,37.5755],[126.98305,37.57551],[126.9831,37.57574]]]}},{"type":"Feature","properties":{"cd":"POI079","nm":"창동 신경제 중심지","cat":"발달상권","lon":127.054703,"lat":37.656147},"geometry":{"type":"Polygon","coordinates":[[[127.04664,37.65129],[127.04662,37.65129],[127.04661,37.65128],[127.04638,37.65122],[127.04612,37.65116],[127.04594,37.65114],[127.04575,37.65112],[127.04551,37.65112],[127.04551,37.65112],[127.04542,37.65112],[127.04532,37.65113],[127.0453,37.65113],[127.04516,37.65114],[127.04506,37.65116],[127.04466,37.65122],[127.04428,37.65128],[127.04402,37.65132],[127.04402,37.65132],[127.04398,37.65132],[127.04397,37.65133],[127.04381,37.65135],[127.04377,37.65136],[127.04367,37.65138],[127.04289,37.65151],[127.04272,37.65154],[127.0425,37.65158],[127.04235,37.6516],[127.04215,37.65163],[127.04205,37.65187],[127.0422,37.65191],[127.04279,37.65205],[127.04364,37.65224],[127.04399,37.65232],[127.04396,37.65242],[127.04385,37.65268],[127.04377,37.65279],[127.04373,37.65282],[127.04389,37.65283],[127.04396,37.65279],[127.04405,37.65274],[127.04473,37.65281],[127.04503,37.65291],[127.04511,37.65293],[127.04511,37.65296],[127.04511,37.65299],[127.0451,37.65309],[127.0451,37.65313],[127.0451,37.6532],[127.04509,37.65332],[127.04509,37.65342],[127.04471,37.65351],[127.04442,37.65358],[127.0444,37.65358],[127.04429,37.65353],[127.04412,37.65358],[127.04381,37.65367],[127.04383,37.6537],[127.0438,37.65376],[127.04377,37.65382],[127.04373,37.65395],[127.04374,37.65407],[127.04375,37.65414],[127.04382,37.65413],[127.04387,37.65411],[127.0439,37.65411],[127.04399,37.65409],[127.0441,37.65406],[127.04413,37.65405],[127.04424,37.65403],[127.04434,37.654],[127.04436,37.654],[127.04452,37.65396],[127.04454,37.65396],[127.04461,37.65394],[127.04463,37.65394],[127.04474,37.65391],[127.04485,37.65389],[127.04488,37.65388],[127.04508,37.65383],[127.04508,37.65382],[127.0454,37.65382],[127.04541,37.65386],[127.04544,37.65397],[127.04548,37.65397],[127.04562,37.65395],[127.04564,37.65394],[127.04559,37.65381],[127.04555,37.65366],[127.04555,37.6536],[127.04554,37.65354],[127.04531,37.65354],[127.04531,37.65344],[127.04531,37.65317],[127.04533,37.65315],[127.04533,37.65313],[127.04533,37.65297],[127.04571,37.65299],[127.0458,37.65299],[127.04581,37.65289],[127.04583,37.65276],[127.04603,37.65281],[127.04605,37.65281],[127.04613,37.65283],[127.04616,37.65284],[127.04636,37.65289],[127.0465,37.65292],[127.04658,37.65294],[127.04659,37.65294],[127.04663,37.65295],[127.04663,37.65295],[127.04657,37.65309],[127.04658,37.65309],[127.04754,37.65334],[127.04752,37.65338],[127.04752,37.65338],[127.04748,37.65347],[127.04747,37.65349],[127.04729,37.6539],[127.04724,37.65402],[127.04718,37.65416],[127.04713,37.65428],[127.04709,37.65437],[127.04709,37.65438],[127.04705,37.65448],[127.04701,37.65458],[127.04701,37.65458],[127.04688,37.65491],[127.0468,37.6551],[127.04679,37.65512],[127.04675,37.65523],[127.04659,37.65561],[127.04655,37.65572],[127.04654,37.65572],[127.04654,37.65573],[127.04653,37.65577],[127.04651,37.65581],[127.04646,37.65593],[127.04646,37.65593],[127.04634,37.65624],[127.04632,37.65626],[127.04631,37.65631],[127.04622,37.65652],[127.0461,37.65679],[127.0461,37.6568],[127.04603,37.65698],[127.04601,37.657],[127.04601,37.65701],[127.04597,37.65711],[127.04592,37.65722],[127.04586,37.65737],[127.04577,37.65758],[127.04566,37.65784],[127.04559,37.658],[127.04555,37.65809],[127.04555,37.6581],[127.04554,37.65813],[127.04543,37.65839],[127.04539,37.65848],[127.04536,37.65859],[127.04534,37.65862],[127.04519,37.65912],[127.04518,37.65915],[127.0451,37.6594],[127.04505,37.65954],[127.04505,37.65954],[127.04504,37.65957],[127.04494,37.66001],[127.04489,37.66021],[127.04509,37.66024],[127.04515,37.66025],[127.04555,37.66031],[127.04572,37.65977],[127.04575,37.65965],[127.04571,37.65964],[127.04576,37.65951],[127.04586,37.65926],[127.04591,37.65915],[127.04613,37.65869],[127.04571,37.65857],[127.04563,37.65855],[127.04574,37.65835],[127.04585,37.65818],[127.04589,37.65819],[127.04615,37.65826],[127.04628,37.6583],[127.04632,37.65831],[127.0467,37.65842],[127.04691,37.65848],[127.04696,37.65849],[127.04714,37.65854],[127.04718,37.65855],[127.04717,37.65849],[127.04715,37.65809],[127.04714,37.65793],[127.04711,37.65742],[127.0471,37.65719],[127.04664,37.65722],[127.04663,37.65707],[127.04659,37.65694],[127.04657,37.65678],[127.04657,37.65673],[127.04655,37.6566],[127.04658,37.65654],[127.04662,37.65645],[127.04687,37.65604],[127.04707,37.65573],[127.04716,37.65573],[127.04754,37.65574],[127.04833,37.65575],[127.04923,37.65577],[127.04943,37.65578],[127.04967,37.65587],[127.04982,37.65593],[127.04974,37.65611],[127.04969,37.65644],[127.04971,37.65673],[127.04972,37.65679],[127.04973,37.65701],[127.04974,37.65708],[127.04975,37.65737],[127.04978,37.65781],[127.0498,37.65808],[127.04981,37.65825],[127.04981,37.65834],[127.04982,37.65848],[127.04982,37.65853],[127.04984,37.65875],[127.04985,37.65899],[127.04985,37.65909],[127.04986,37.65928],[127.04989,37.65974],[127.0499,37.65982],[127.04991,37.65992],[127.04993,37.66003],[127.04993,37.66003],[127.04978,37.66011],[127.04936,37.66032],[127.04903,37.6605],[127.04876,37.66064],[127.04876,37.66064],[127.04828,37.66089],[127.04787,37.66111],[127.04754,37.66128],[127.04754,37.66128],[127.04751,37.6613],[127.04703,37.66154],[127.04696,37.6616],[127.04687,37.66168],[127.04676,37.66188],[127.04676,37.66188],[127.04675,37.66191],[127.04675,37.66191],[127.04671,37.66202],[127.04686,37.66198],[127.04765,37.66176],[127.04776,37.66173],[127.04805,37.66165],[127.04839,37.66155],[127.04883,37.66143],[127.04884,37.66132],[127.04884,37.66129],[127.04889,37.66086],[127.04897,37.66083],[127.04904,37.66081],[127.04979,37.66061],[127.05067,37.66036],[127.05078,37.66033],[127.05179,37.66006],[127.05179,37.66038],[127.05179,37.6606],[127.05179,37.66098],[127.05177,37.66108],[127.05173,37.66133],[127.05171,37.66141],[127.05171,37.66145],[127.0517,37.66146],[127.0517,37.6615],[127.0517,37.6616],[127.05169,37.6618],[127.05169,37.66189],[127.05169,37.66191],[127.05275,37.66182],[127.05414,37.66171],[127.05419,37.6617],[127.05508,37.66163],[127.05559,37.66159],[127.05588,37.66157],[127.05626,37.66153],[127.05636,37.66153],[127.05644,37.66152],[127.05698,37.66148],[127.05725,37.66145],[127.0574,37.66144],[127.05757,37.66143],[127.05803,37.66139],[127.05822,37.66155],[127.0587,37.66119],[127.0587,37.66119],[127.05872,37.66103],[127.05872,37.66103],[127.05843,37.66095],[127.05835,37.66094],[127.05777,37.66081],[127.05728,37.6607],[127.05728,37.6607],[127.05742,37.66031],[127.05743,37.6603],[127.05618,37.66001],[127.05619,37.66],[127.05629,37.65972],[127.05619,37.6597],[127.05626,37.65953],[127.0576,37.65983],[127.05782,37.65925],[127.05782,37.65925],[127.05794,37.65928],[127.05894,37.65952],[127.05913,37.65956],[127.05913,37.65956],[127.05913,37.65956],[127.0592,37.65932],[127.05922,37.65927],[127.05929,37.65901],[127.05943,37.65852],[127.05944,37.65847],[127.05944,37.65847],[127.05963,37.65778],[127.05966,37.65767],[127.0598,37.65716],[127.0605,37.65727],[127.06063,37.65678],[127.06077,37.65624],[127.06159,37.65638],[127.06162,37.65638],[127.06167,37.65639],[127.06167,37.65639],[127.06167,37.6564],[127.06167,37.65641],[127.06166,37.65648],[127.06164,37.65671],[127.06163,37.65688],[127.06162,37.65694],[127.06159,37.65732],[127.06159,37.65733],[127.06158,37.6574],[127.06158,37.65743],[127.06155,37.65779],[127.06155,37.65779],[127.06155,37.65779],[127.06154,37.6579],[127.06153,37.65796],[127.06153,37.65796],[127.06153,37.65798],[127.06148,37.65839],[127.06148,37.65847],[127.06147,37.65848],[127.06147,37.65849],[127.06147,37.65849],[127.06144,37.65881],[127.06144,37.65883],[127.06144,37.65884],[127.06144,37.65884],[127.06139,37.6593],[127.06137,37.65941],[127.06134,37.65974],[127.06162,37.65971],[127.06162,37.65971],[127.0619,37.65969],[127.06191,37.65969],[127.06191,37.65967],[127.06192,37.65959],[127.0619,37.65959],[127.0619,37.65957],[127.06178,37.65956],[127.06177,37.6596],[127.06167,37.65959],[127.06164,37.65958],[127.0617,37.65907],[127.06172,37.65907],[127.06184,37.65908],[127.06185,37.65903],[127.062,37.65904],[127.062,37.65901],[127.06221,37.65903],[127.06221,37.65906],[127.06236,37.65906],[127.06237,37.65911],[127.0623,37.65962],[127.06229,37.65966],[127.06233,37.65966],[127.06256,37.65964],[127.06256,37.65964],[127.06256,37.65959],[127.06254,37.65897],[127.06254,37.65897],[127.06255,37.65899],[127.06258,37.65898],[127.06257,37.65891],[127.06257,37.6589],[127.06256,37.65865],[127.06202,37.65862],[127.06205,37.65835],[127.06205,37.65831],[127.06255,37.65831],[127.06254,37.65802],[127.06255,37.65794],[127.06255,37.65793],[127.06266,37.65794],[127.06274,37.65798],[127.06299,37.65815],[127.06312,37.65822],[127.06315,37.65823],[127.06318,37.65798],[127.06324,37.65778],[127.06328,37.65761],[127.06344,37.65707],[127.06345,37.65702],[127.06398,37.65712],[127.064,37.65702],[127.06404,37.65687],[127.06406,37.65662],[127.06409,37.65649],[127.06414,37.6565],[127.0646,37.65661],[127.06492,37.65668],[127.06494,37.65669],[127.06557,37.65683],[127.06566,37.65685],[127.06587,37.65691],[127.06632,37.65701],[127.0666,37.65711],[127.06662,37.65709],[127.06666,37.65689],[127.0667,37.65674],[127.06673,37.65664],[127.06676,37.65653],[127.06683,37.65628],[127.06683,37.65626],[127.06684,37.65623],[127.06684,37.65622],[127.0669,37.65601],[127.06697,37.65574],[127.06641,37.65562],[127.06622,37.65558],[127.06616,37.65557],[127.06564,37.65546],[127.06563,37.65545],[127.06551,37.65543],[127.06544,37.65541],[127.06526,37.65537],[127.06525,37.65537],[127.06499,37.65532],[127.06478,37.65527],[127.06475,37.65526],[127.06448,37.65519],[127.06445,37.65519],[127.06438,37.65517],[127.06433,37.65516],[127.06433,37.65513],[127.06439,37.65499],[127.0645,37.65468],[127.06442,37.65466],[127.06441,37.65469],[127.06437,37.65468],[127.06438,37.65462],[127.06418,37.65457],[127.06423,37.65444],[127.06418,37.65443],[127.06435,37.65394],[127.06424,37.65384],[127.06434,37.65354],[127.06373,37.65341],[127.06367,37.65339],[127.06357,37.65364],[127.06235,37.65335],[127.06217,37.65383],[127.06156,37.65369],[127.06156,37.65364],[127.06159,37.65349],[127.06167,37.65319],[127.06173,37.65299],[127.06182,37.65288],[127.06186,37.6527],[127.06188,37.65262],[127.06196,37.6523],[127.06192,37.65218],[127.06185,37.65212],[127.06261,37.65229],[127.06267,37.65209],[127.06278,37.65176],[127.06241,37.65168],[127.062,37.65158],[127.06177,37.65153],[127.06161,37.65149],[127.06136,37.65143],[127.06115,37.65139],[127.06087,37.65133],[127.06073,37.6513],[127.06071,37.6514],[127.06064,37.6517],[127.06063,37.65171],[127.06061,37.65179],[127.05985,37.65163],[127.05973,37.65197],[127.05967,37.65214],[127.06037,37.65229],[127.06036,37.65236],[127.0603,37.65249],[127.06028,37.65261],[127.06023,37.6527],[127.06022,37.65272],[127.06006,37.65331],[127.06005,37.65334],[127.06003,37.65333],[127.05932,37.65318],[127.05898,37.6531],[127.05788,37.65285],[127.05786,37.6529],[127.05784,37.65295],[127.05777,37.65314],[127.05765,37.65347],[127.05759,37.65363],[127.05751,37.65361],[127.05706,37.65351],[127.05699,37.65349],[127.05631,37.65336],[127.05619,37.65333],[127.05495,37.65309],[127.05487,37.65307],[127.05483,37.65306],[127.05483,37.65306],[127.05483,37.65306],[127.05421,37.65301],[127.05421,37.65301],[127.05391,37.65298],[127.0539,37.65298],[127.0539,37.65298],[127.05336,37.65293],[127.05332,37.65292],[127.05332,37.65292],[127.05281,37.6528],[127.05245,37.65271],[127.05203,37.65261],[127.05118,37.65239],[127.05118,37.65239],[127.05051,37.65222],[127.05034,37.65218],[127.04997,37.65209],[127.04985,37.65206],[127.04933,37.65194],[127.04909,37.65188],[127.04901,37.65187],[127.04828,37.65169],[127.04829,37.65168],[127.0483,37.65166],[127.0483,37.65166],[127.0483,37.65166],[127.04791,37.65158],[127.04771,37.65154],[127.0471,37.6514],[127.04708,37.6514],[127.04703,37.65139],[127.047,37.65138],[127.04691,37.65137],[127.04681,37.65134],[127.04669,37.65131],[127.04667,37.6513],[127.04664,37.65129],[127.04664,37.65129]]]}},{"type":"Feature","properties":{"cd":"POI080","nm":"청담동 명품거리","cat":"발달상권","lon":127.043767,"lat":37.525832},"geometry":{"type":"Polygon","coordinates":[[[127.03914,37.52319],[127.03937,37.52408],[127.04604,37.52488],[127.04562,37.52573],[127.04516,37.52595],[127.04045,37.5271],[127.04075,37.52785],[127.03922,37.52824],[127.03947,37.5289],[127.04255,37.52812],[127.04255,37.52812],[127.04264,37.5281],[127.04255,37.52786],[127.04396,37.52748],[127.04396,37.52748],[127.044,37.52747],[127.04406,37.52766],[127.04554,37.5273],[127.04676,37.52688],[127.04723,37.52626],[127.04827,37.52438],[127.04826,37.52437],[127.04829,37.52433],[127.03914,37.52319]]]}},{"type":"Feature","properties":{"cd":"POI081","nm":"청량리 제기동 일대 전통시장","cat":"발달상권","lon":127.03998,"lat":37.580829},"geometry":{"type":"Polygon","coordinates":[[[127.035,37.57874],[127.03549,37.58114],[127.03592,37.5829],[127.04479,37.58314],[127.0459,37.58039],[127.03917,37.57831],[127.0383,37.57822],[127.03491,37.5782],[127.035,37.57874]]]}},{"type":"Feature","properties":{"cd":"POI082","nm":"해방촌·경리단길","cat":"발달상권","lon":126.987185,"lat":37.542371},"geometry":{"type":"Polygon","coordinates":[[[126.98667,37.53829],[126.98635,37.53949],[126.98598,37.53959],[126.98609,37.53993],[126.98637,37.53996],[126.9865,37.54113],[126.9863,37.54118],[126.9864,37.54131],[126.98638,37.54131],[126.98606,37.54151],[126.98649,37.54178],[126.98629,37.54198],[126.98629,37.54198],[126.986,37.54224],[126.98687,37.54289],[126.98694,37.54299],[126.98726,37.5433],[126.98676,37.5437],[126.98658,37.54409],[126.98636,37.54392],[126.98589,37.54415],[126.98583,37.54424],[126.98519,37.54471],[126.98439,37.54421],[126.98378,37.54401],[126.98336,37.54449],[126.98332,37.54476],[126.98294,37.54491],[126.98317,37.54523],[126.98311,37.54583],[126.98335,37.54654],[126.9834,37.54698],[126.98369,37.54676],[126.98405,37.54689],[126.98442,37.54703],[126.98472,37.54683],[126.98473,37.54683],[126.98556,37.54635],[126.98645,37.54613],[126.9867,37.54608],[126.98659,37.54568],[126.987,37.54477],[126.98721,37.5444],[126.98725,37.54391],[126.98733,37.54388],[126.98732,37.54387],[126.98776,37.54338],[126.98836,37.54335],[126.98867,37.54305],[126.98865,37.54304],[126.98829,37.54188],[126.98754,37.53997],[126.98768,37.53989],[126.98776,37.53976],[126.98825,37.53968],[126.98819,37.53942],[126.98889,37.53934],[126.98891,37.53934],[126.98915,37.5394],[126.98937,37.53999],[126.98946,37.54006],[126.98946,37.54006],[126.98968,37.54003],[126.99023,37.54009],[126.99067,37.53983],[126.99111,37.53996],[126.99138,37.54022],[126.99142,37.54023],[126.99198,37.54041],[126.99217,37.54038],[126.99262,37.54055],[126.99306,37.54052],[126.99315,37.54054],[126.9934,37.54076],[126.9937,37.5402],[126.99369,37.54006],[126.99344,37.53996],[126.99349,37.53974],[126.99312,37.53975],[126.9928,37.53978],[126.99244,37.53989],[126.99236,37.53985],[126.99226,37.53972],[126.99225,37.53966],[126.9921,37.53954],[126.992,37.53931],[126.99177,37.5394],[126.99156,37.53933],[126.99139,37.53923],[126.99114,37.53915],[126.99085,37.53916],[126.99078,37.5391],[126.9906,37.53909],[126.99039,37.53898],[126.99024,37.53899],[126.99001,37.53879],[126.99001,37.53879],[126.98978,37.53847],[126.98945,37.5385],[126.98892,37.53845],[126.98886,37.53839],[126.98869,37.53833],[126.98865,37.53854],[126.98865,37.53856],[126.98863,37.53865],[126.98864,37.53882],[126.98858,37.53879],[126.98731,37.53835],[126.98667,37.53829]]]}},{"type":"Feature","properties":{"cd":"POI083","nm":"DDP(동대문디자인플라자)","cat":"발달상권","lon":127.010289,"lat":37.566988},"geometry":{"type":"Polygon","coordinates":[[[127.00956,37.56549],[127.00947,37.56552],[127.00945,37.56552],[127.0094,37.56554],[127.00935,37.56555],[127.00923,37.56559],[127.00912,37.56563],[127.00907,37.56564],[127.00903,37.56566],[127.00899,37.56567],[127.00891,37.56569],[127.00856,37.5658],[127.00848,37.56582],[127.00848,37.56582],[127.00844,37.56583],[127.00772,37.56601],[127.00797,37.56646],[127.00832,37.56691],[127.00894,37.56769],[127.00898,37.56774],[127.00962,37.56856],[127.00971,37.56867],[127.00983,37.56875],[127.01094,37.56826],[127.01099,37.56824],[127.01173,37.56789],[127.01196,37.56786],[127.01242,37.56791],[127.01258,37.56793],[127.0127,37.56717],[127.01254,37.56666],[127.01232,37.56646],[127.01182,37.56618],[127.0106,37.56589],[127.01048,37.56584],[127.01023,37.56574],[127.00984,37.56551],[127.00956,37.56549]]]}},{"type":"Feature","properties":{"cd":"POI084","nm":"DMC(디지털미디어시티)","cat":"발달상권","lon":126.891797,"lat":37.579278},"geometry":{"type":"Polygon","coordinates":[[[126.88786,37.57981],[126.88784,37.57982],[126.88769,37.5799],[126.88732,37.58012],[126.8869,37.58037],[126.88685,37.5804],[126.8864,37.58067],[126.88603,37.58089],[126.88596,37.58093],[126.88582,37.58102],[126.8855,37.5812],[126.88517,37.5814],[126.88493,37.58154],[126.88493,37.58154],[126.88478,37.58163],[126.88449,37.5818],[126.88408,37.58204],[126.88393,37.58213],[126.88364,37.5823],[126.88326,37.58253],[126.88316,37.58259],[126.88294,37.58272],[126.88261,37.58293],[126.88246,37.58302],[126.88219,37.58317],[126.8821,37.58323],[126.88204,37.58326],[126.88204,37.58326],[126.88211,37.58331],[126.88238,37.58351],[126.8827,37.58374],[126.88276,37.58378],[126.88309,37.58401],[126.8832,37.58409],[126.88359,37.58438],[126.88411,37.58477],[126.88434,37.58493],[126.88466,37.58516],[126.8855,37.58582],[126.88554,37.58586],[126.88647,37.58655],[126.88647,37.58655],[126.88652,37.58651],[126.88672,37.58634],[126.88741,37.5858],[126.88757,37.58567],[126.88813,37.58524],[126.88889,37.58465],[126.88945,37.58429],[126.88998,37.58395],[126.89033,37.58373],[126.89212,37.58257],[126.89324,37.58186],[126.89324,37.58185],[126.89382,37.58149],[126.89386,37.58146],[126.89436,37.58114],[126.89444,37.5811],[126.89451,37.58105],[126.89503,37.58071],[126.89503,37.58071],[126.89528,37.58056],[126.89564,37.58032],[126.89614,37.57999],[126.89615,37.57999],[126.89618,37.57997],[126.89625,37.57992],[126.89655,37.57973],[126.89693,37.57948],[126.89706,37.5794],[126.89715,37.57935],[126.89753,37.5791],[126.89753,37.5791],[126.89769,37.57899],[126.89777,37.57894],[126.89786,37.57887],[126.89794,37.57882],[126.89807,37.57873],[126.89845,37.57847],[126.8989,37.57816],[126.89896,37.57812],[126.89944,37.57779],[126.89946,37.57777],[126.89995,37.57745],[126.90023,37.57727],[126.9006,37.57703],[126.90073,37.57693],[126.9015,37.57642],[126.90163,37.57633],[126.90176,37.57623],[126.90183,37.57618],[126.90186,37.57615],[126.90208,37.57601],[126.90208,37.57601],[126.90208,37.57601],[126.90209,37.576],[126.90208,37.576],[126.90188,37.57587],[126.90176,37.57576],[126.90166,37.57567],[126.9016,37.57559],[126.90154,37.5755],[126.90147,37.5754],[126.90135,37.5752],[126.90135,37.57519],[126.90133,37.57514],[126.9013,37.57505],[126.90129,37.57502],[126.90126,37.57492],[126.90125,37.57487],[126.90111,37.57464],[126.90096,37.57445],[126.90094,37.57442],[126.90071,37.57414],[126.90068,37.57409],[126.90065,37.57404],[126.90059,37.57385],[126.9006,37.57371],[126.9006,37.57369],[126.9006,37.57357],[126.90061,37.57338],[126.90061,37.57324],[126.90047,37.57324],[126.90028,37.57324],[126.90015,37.57335],[126.90008,37.57343],[126.90007,37.57345],[126.90004,37.57351],[126.9,37.5737],[126.89997,37.57385],[126.89994,37.57393],[126.89994,37.57394],[126.89992,37.57399],[126.8999,37.5741],[126.89986,37.57415],[126.89983,37.57417],[126.89977,37.57421],[126.89967,37.57426],[126.89959,37.57429],[126.89958,37.5743],[126.89944,37.57436],[126.89934,37.57441],[126.89933,37.57441],[126.89932,37.5744],[126.89931,37.5744],[126.89925,37.57432],[126.89916,37.57422],[126.89913,37.5742],[126.89877,37.57379],[126.89874,37.57378],[126.89863,37.57377],[126.8986,37.57377],[126.8986,37.57377],[126.89862,37.57373],[126.8986,37.57371],[126.89859,37.5737],[126.89857,37.57368],[126.89847,37.57357],[126.89846,37.57357],[126.89753,37.57409],[126.89751,37.5741],[126.89734,37.5742],[126.89724,37.57426],[126.89709,37.57435],[126.89702,37.57439],[126.89691,37.57445],[126.89674,37.57455],[126.89666,37.5746],[126.89636,37.57478],[126.89619,37.57488],[126.89607,37.57495],[126.89579,37.57512],[126.89578,37.57512],[126.89575,37.57514],[126.89547,37.57531],[126.89534,37.57538],[126.8951,37.57552],[126.895,37.57558],[126.89474,37.57573],[126.89472,37.57574],[126.8946,37.57581],[126.89412,37.57609],[126.89391,37.57622],[126.89361,37.57639],[126.89361,37.57639],[126.89346,37.57627],[126.89329,37.57619],[126.89314,37.57602],[126.89311,37.57599],[126.89289,37.57606],[126.89283,37.57601],[126.8928,37.57597],[126.89246,37.57565],[126.8928,37.57542],[126.89271,37.57533],[126.89253,37.57515],[126.89246,37.57508],[126.89246,37.57511],[126.89219,37.57528],[126.89162,37.57565],[126.89127,37.57588],[126.89113,37.57596],[126.89059,37.57543],[126.8901,37.57496],[126.89005,37.5749],[126.89017,37.57482],[126.89055,37.57457],[126.89068,37.57449],[126.8906,37.57441],[126.8906,37.5744],[126.89007,37.57387],[126.89006,37.57384],[126.88953,37.57416],[126.88938,37.57424],[126.88876,37.57363],[126.88835,37.57321],[126.88807,37.57298],[126.88798,37.57308],[126.88771,37.57332],[126.88743,37.57351],[126.88714,37.57368],[126.88677,37.57388],[126.88646,37.57407],[126.88641,37.5741],[126.88661,37.57429],[126.88813,37.5758],[126.88827,37.57593],[126.88833,37.57599],[126.88835,37.57601],[126.88895,37.57661],[126.88942,37.57707],[126.88944,37.5771],[126.88948,37.57713],[126.88993,37.57756],[126.89042,37.57805],[126.89057,37.5782],[126.89036,37.57832],[126.88987,37.57861],[126.88949,37.57884],[126.88946,37.57885],[126.88896,37.57914],[126.88893,37.57917],[126.88805,37.5797],[126.88786,37.57981]]]}},{"type":"Feature","properties":{"cd":"POI085","nm":"강서한강공원","cat":"공원","lon":126.81855,"lat":37.586515},"geometry":{"type":"Polygon","coordinates":[[[126.81993,37.58477],[126.81986,37.58481],[126.81955,37.58498],[126.81948,37.58502],[126.81913,37.58518],[126.81894,37.58527],[126.81836,37.58555],[126.81831,37.58558],[126.8182,37.58564],[126.81768,37.5859],[126.81728,37.58611],[126.81724,37.58613],[126.81704,37.58623],[126.81657,37.58647],[126.81638,37.58657],[126.81619,37.58667],[126.81614,37.58669],[126.81585,37.58684],[126.81577,37.58688],[126.81537,37.58708],[126.81534,37.5871],[126.81498,37.58729],[126.81464,37.58746],[126.81464,37.58746],[126.81462,37.58747],[126.81455,37.58751],[126.8139,37.58784],[126.81386,37.58786],[126.81369,37.58794],[126.81343,37.58808],[126.81322,37.58819],[126.8132,37.58819],[126.81319,37.58821],[126.81306,37.58827],[126.81281,37.5884],[126.81261,37.5885],[126.81261,37.5885],[126.8123,37.58866],[126.8123,37.58869],[126.8122,37.58874],[126.81216,37.58873],[126.81156,37.58903],[126.81127,37.58918],[126.81123,37.5892],[126.811,37.58932],[126.81099,37.58933],[126.81089,37.58938],[126.81066,37.5895],[126.81072,37.58956],[126.81073,37.58957],[126.81085,37.58969],[126.81099,37.58984],[126.81101,37.58985],[126.81106,37.5899],[126.81116,37.59],[126.81123,37.59007],[126.81123,37.59008],[126.81133,37.59018],[126.81138,37.59023],[126.8114,37.59025],[126.81145,37.5903],[126.81149,37.59035],[126.81153,37.59039],[126.81155,37.5904],[126.81164,37.5905],[126.81181,37.59067],[126.81187,37.59074],[126.81194,37.59081],[126.81204,37.59091],[126.81216,37.59103],[126.81226,37.59113],[126.81229,37.59116],[126.81237,37.59125],[126.81243,37.59134],[126.81262,37.59123],[126.81274,37.59118],[126.81291,37.59111],[126.81306,37.59104],[126.81314,37.59101],[126.81316,37.59099],[126.81323,37.59093],[126.8134,37.59079],[126.81353,37.59069],[126.81362,37.59061],[126.81372,37.59054],[126.81381,37.59047],[126.81409,37.59024],[126.81422,37.59015],[126.81433,37.59007],[126.81447,37.58997],[126.81462,37.58991],[126.81462,37.58991],[126.81464,37.5899],[126.81476,37.58987],[126.81485,37.58983],[126.8149,37.58979],[126.81493,37.58975],[126.81496,37.58962],[126.81496,37.58962],[126.81501,37.58954],[126.81506,37.58947],[126.81526,37.58936],[126.81527,37.58936],[126.81528,37.58935],[126.81546,37.58924],[126.8155,37.58922],[126.81569,37.58912],[126.8157,37.58911],[126.81571,37.58911],[126.81571,37.58911],[126.81599,37.58898],[126.81616,37.5889],[126.81627,37.58887],[126.81638,37.58885],[126.81655,37.58876],[126.81671,37.58866],[126.81671,37.58866],[126.81688,37.58829],[126.81703,37.58815],[126.81728,37.58805],[126.81747,37.58787],[126.81749,37.58786],[126.81764,37.58777],[126.81789,37.58763],[126.8182,37.58745],[126.81824,37.58743],[126.81844,37.58731],[126.81884,37.5871],[126.819,37.58699],[126.81916,37.5869],[126.81917,37.5869],[126.81923,37.58688],[126.81934,37.58687],[126.81941,37.58687],[126.81969,37.58678],[126.81977,37.58671],[126.81983,37.58667],[126.81983,37.58667],[126.81999,37.58657],[126.82011,37.58649],[126.82021,37.58637],[126.82022,37.58636],[126.82023,37.58636],[126.82024,37.58634],[126.82026,37.58631],[126.82114,37.5857],[126.82233,37.58511],[126.82371,37.58471],[126.82377,37.58465],[126.82379,37.58466],[126.8239,37.58461],[126.82393,37.5846],[126.82415,37.58447],[126.8243,37.58438],[126.82437,37.58445],[126.82443,37.58441],[126.82439,37.58437],[126.82448,37.58427],[126.82462,37.5841],[126.82465,37.58406],[126.82466,37.58404],[126.82466,37.58404],[126.8248,37.58396],[126.82529,37.5837],[126.8253,37.5837],[126.8256,37.58356],[126.82578,37.58347],[126.82578,37.58347],[126.82596,37.58338],[126.82601,37.58336],[126.82617,37.58327],[126.82633,37.58317],[126.82636,37.58315],[126.82655,37.58306],[126.82693,37.5828],[126.82706,37.58271],[126.8271,37.58268],[126.82723,37.58259],[126.82724,37.58259],[126.82725,37.58258],[126.82735,37.58251],[126.82751,37.58235],[126.82756,37.5823],[126.82758,37.58228],[126.82767,37.58221],[126.82774,37.58216],[126.82783,37.58209],[126.82785,37.58208],[126.82818,37.58179],[126.8284,37.58165],[126.82871,37.58145],[126.82871,37.58144],[126.82871,37.58144],[126.82875,37.58137],[126.8288,37.58125],[126.8289,37.58115],[126.82897,37.58107],[126.82899,37.58105],[126.82907,37.58098],[126.82911,37.58096],[126.82915,37.58094],[126.82916,37.58094],[126.82937,37.58087],[126.82937,37.58086],[126.82937,37.58085],[126.82914,37.58092],[126.82914,37.58092],[126.82896,37.58098],[126.82882,37.58102],[126.82882,37.58102],[126.82858,37.58111],[126.82847,37.58114],[126.82831,37.5812],[126.82814,37.58126],[126.82781,37.58138],[126.82755,37.58147],[126.82754,37.58147],[126.8275,37.58149],[126.82741,37.58152],[126.8273,37.58156],[126.82727,37.58157],[126.82717,37.58161],[126.82707,37.58165],[126.82696,37.5817],[126.82692,37.58172],[126.82681,37.58176],[126.82672,37.5818],[126.82654,37.58187],[126.82654,37.58188],[126.82653,37.58188],[126.82629,37.58198],[126.8262,37.58202],[126.82614,37.58204],[126.82593,37.58213],[126.8258,37.58218],[126.8255,37.5823],[126.82538,37.58235],[126.82526,37.5824],[126.82517,37.58243],[126.82512,37.58245],[126.82508,37.58247],[126.82494,37.58253],[126.82491,37.58255],[126.82483,37.58258],[126.82483,37.58258],[126.82468,37.58265],[126.82445,37.58275],[126.82436,37.58279],[126.82417,37.58288],[126.82409,37.58291],[126.82407,37.58292],[126.82402,37.58295],[126.82388,37.58301],[126.8237,37.58309],[126.82368,37.5831],[126.82354,37.58316],[126.82328,37.58327],[126.82309,37.58336],[126.82277,37.5835],[126.82258,37.58359],[126.82256,37.58359],[126.82255,37.5836],[126.81993,37.58477]]]}},{"type":"Feature","properties":{"cd":"POI086","nm":"고척돔","cat":"공원","lon":126.867022,"lat":37.497672},"geometry":{"type":"Polygon","coordinates":[[[126.86661,37.49609],[126.8664,37.49709],[126.86507,37.4969],[126.86499,37.49735],[126.86487,37.49791],[126.86604,37.49889],[126.86619,37.49901],[126.86629,37.49908],[126.86651,37.49922],[126.86657,37.49926],[126.86676,37.49936],[126.86683,37.49939],[126.86698,37.49946],[126.8672,37.49954],[126.86732,37.49957],[126.86755,37.49961],[126.86766,37.49963],[126.86775,37.49964],[126.86792,37.49965],[126.86818,37.49964],[126.86836,37.49962],[126.86854,37.49959],[126.86881,37.49953],[126.86898,37.49949],[126.86813,37.49734],[126.86808,37.49687],[126.8681,37.49644],[126.86824,37.4959],[126.86806,37.49585],[126.86801,37.49583],[126.86792,37.49579],[126.8677,37.49569],[126.86737,37.49554],[126.86678,37.49526],[126.86643,37.49509],[126.86623,37.4953],[126.86617,37.49563],[126.86599,37.49583],[126.86661,37.49609]]]}},{"type":"Feature","properties":{"cd":"POI087","nm":"광나루한강공원","cat":"공원","lon":127.129819,"lat":37.553987},"geometry":{"type":"Polygon","coordinates":[[[127.15828,37.57252],[127.16088,37.57377],[127.16335,37.57542],[127.16499,37.57341],[127.15895,37.57071],[127.15327,37.56819],[127.15132,37.56735],[127.15005,37.56689],[127.14731,37.56665],[127.14726,37.56665],[127.13965,37.56717],[127.13855,37.5672],[127.13662,37.56683],[127.13421,37.56571],[127.13421,37.56569],[127.13278,37.56492],[127.13211,37.56454],[127.13147,37.56408],[127.12976,37.56278],[127.12741,37.56042],[127.12697,37.55986],[127.12625,37.55895],[127.12596,37.5586],[127.12526,37.55764],[127.12484,37.55691],[127.12455,37.55632],[127.12455,37.55631],[127.12427,37.55573],[127.12382,37.55469],[127.12325,37.55246],[127.12263,37.55076],[127.12259,37.55056],[127.12209,37.54919],[127.12209,37.54919],[127.1219,37.54861],[127.12164,37.54785],[127.12125,37.54693],[127.12125,37.54693],[127.12096,37.54625],[127.12067,37.54581],[127.12025,37.54515],[127.12026,37.54515],[127.12006,37.54467],[127.11981,37.54413],[127.11945,37.54343],[127.11922,37.54288],[127.11908,37.5427],[127.11891,37.54248],[127.11875,37.54234],[127.11876,37.54233],[127.11859,37.5422],[127.11771,37.54123],[127.11437,37.53844],[127.11126,37.53562],[127.11069,37.53501],[127.11069,37.53502],[127.11062,37.53487],[127.10992,37.53382],[127.1095,37.53292],[127.10938,37.5324],[127.10922,37.53139],[127.10897,37.53061],[127.10853,37.52974],[127.1085,37.52976],[127.10816,37.52927],[127.10782,37.52877],[127.10772,37.52864],[127.10772,37.52864],[127.10747,37.52833],[127.10657,37.5274],[127.10657,37.5274],[127.10633,37.52717],[127.10589,37.52685],[127.10587,37.52683],[127.10323,37.52457],[127.10246,37.52401],[127.10206,37.52416],[127.1018,37.52409],[127.10147,37.52469],[127.10177,37.52477],[127.10346,37.52629],[127.10554,37.52842],[127.10628,37.52928],[127.10675,37.52958],[127.10674,37.5296],[127.10705,37.52989],[127.10759,37.53064],[127.10759,37.53065],[127.10803,37.53141],[127.10848,37.53228],[127.10926,37.53382],[127.11009,37.53527],[127.11009,37.53527],[127.11285,37.53878],[127.11285,37.53878],[127.1154,37.54208],[127.1154,37.54208],[127.11555,37.54225],[127.11554,37.54225],[127.11586,37.54267],[127.11635,37.54331],[127.11657,37.54359],[127.11659,37.54362],[127.1167,37.54377],[127.11693,37.54409],[127.11756,37.54496],[127.11802,37.54581],[127.11804,37.54585],[127.11809,37.546],[127.11811,37.54606],[127.11828,37.54656],[127.11833,37.54675],[127.11853,37.54727],[127.11858,37.5474],[127.11884,37.5481],[127.11886,37.54813],[127.11909,37.54842],[127.11956,37.54968],[127.11958,37.54975],[127.11969,37.55008],[127.11976,37.5503],[127.12021,37.55172],[127.12021,37.55174],[127.12032,37.55195],[127.12046,37.55233],[127.12049,37.55237],[127.12051,37.55251],[127.12056,37.55257],[127.12057,37.55271],[127.12064,37.5528],[127.12072,37.55309],[127.12074,37.55321],[127.12084,37.5533],[127.12095,37.55359],[127.1211,37.55395],[127.12117,37.55406],[127.12119,37.55414],[127.12126,37.55419],[127.12127,37.55433],[127.12132,37.55445],[127.12142,37.55467],[127.12153,37.55481],[127.12176,37.55531],[127.1219,37.55558],[127.12196,37.5557],[127.12202,37.55581],[127.12237,37.55641],[127.12259,37.55676],[127.12296,37.55732],[127.1231,37.55752],[127.12315,37.5576],[127.12356,37.55817],[127.12416,37.55892],[127.12464,37.55948],[127.12486,37.55972],[127.1252,37.56008],[127.12582,37.5607],[127.12636,37.56121],[127.12652,37.56135],[127.12738,37.56208],[127.12784,37.56245],[127.12807,37.56263],[127.12835,37.56284],[127.12852,37.56298],[127.12861,37.56305],[127.12877,37.56317],[127.12923,37.56352],[127.12925,37.56354],[127.12968,37.56386],[127.12998,37.56407],[127.13024,37.56424],[127.13039,37.56434],[127.13054,37.56444],[127.13113,37.56478],[127.1312,37.56481],[127.13164,37.56505],[127.13267,37.56552],[127.13292,37.56563],[127.13361,37.56591],[127.13401,37.56607],[127.13401,37.56606],[127.13855,37.56795],[127.1415,37.56807],[127.14711,37.5677],[127.14992,37.56849],[127.15043,37.56836],[127.15002,37.56811],[127.15043,37.56781],[127.15108,37.56784],[127.15139,37.56819],[127.1518,37.5683],[127.15238,37.56928],[127.15561,37.57118],[127.15571,37.57167],[127.1567,37.572],[127.15828,37.57252]]]}},{"type":"Feature","properties":{"cd":"POI088","nm":"광화문광장","cat":"공원","lon":126.976921,"lat":37.573409},"geometry":{"type":"Polygon","coordinates":[[[126.9744,37.57616],[126.97463,37.57603],[126.97816,37.57596],[126.97891,37.57607],[126.97907,37.57619],[126.97913,37.57612],[126.97909,37.57556],[126.97806,37.57544],[126.97814,37.57032],[126.97588,37.57034],[126.9758,37.57539],[126.97526,37.57547],[126.9744,37.57549],[126.9744,37.57616]]]}},{"type":"Feature","properties":{"cd":"POI089","nm":"국립중앙박물관·용산가족공원","cat":"공원","lon":126.981426,"lat":37.522767},"geometry":{"type":"Polygon","coordinates":[[[126.98443,37.5249],[126.98519,37.52485],[126.98513,37.5239],[126.98506,37.52366],[126.98505,37.52327],[126.98512,37.52284],[126.98521,37.52236],[126.98529,37.52186],[126.98538,37.52153],[126.98547,37.52117],[126.9856,37.52058],[126.98571,37.52027],[126.9858,37.52013],[126.9858,37.5201],[126.98517,37.52001],[126.98479,37.51995],[126.98445,37.51993],[126.98414,37.51992],[126.98366,37.51993],[126.98324,37.51998],[126.98291,37.52001],[126.98263,37.52007],[126.9824,37.52011],[126.9771,37.52175],[126.97748,37.52235],[126.97745,37.52249],[126.97735,37.52262],[126.97723,37.52279],[126.97703,37.52303],[126.97679,37.52336],[126.97671,37.52367],[126.97728,37.52517],[126.97741,37.52526],[126.98443,37.5249]]]}},{"type":"Feature","properties":{"cd":"POI092","nm":"노들섬","cat":"공원","lon":126.958657,"lat":37.517556},"geometry":{"type":"Polygon","coordinates":[[[126.95873,37.51656],[126.95523,37.51801],[126.955,37.51827],[126.95494,37.51868],[126.955,37.51886],[126.95528,37.51905],[126.95575,37.51918],[126.957,37.51896],[126.95916,37.51834],[126.96091,37.51761],[126.9621,37.51699],[126.96247,37.51667],[126.96253,37.51641],[126.96244,37.5162],[126.96206,37.51606],[126.96079,37.51605],[126.95873,37.51656]]]}},{"type":"Feature","properties":{"cd":"POI093","nm":"뚝섬한강공원","cat":"공원","lon":127.071514,"lat":37.529184},"geometry":{"type":"Polygon","coordinates":[[[127.0591,37.5333],[127.0642,37.53169],[127.06549,37.53167],[127.06663,37.53139],[127.07145,37.53008],[127.0746,37.52918],[127.07816,37.52794],[127.07993,37.52752],[127.08115,37.52729],[127.08336,37.52724],[127.08484,37.52729],[127.08607,37.52744],[127.08724,37.52774],[127.0884,37.52814],[127.08903,37.52736],[127.08805,37.52693],[127.08742,37.52683],[127.0815,37.52664],[127.08049,37.52646],[127.07901,37.52651],[127.07684,37.52674],[127.07293,37.5275],[127.06946,37.52813],[127.06823,37.5285],[127.06625,37.52905],[127.06543,37.52938],[127.06341,37.53016],[127.06174,37.53092],[127.05869,37.53245],[127.0591,37.5333]]]}},{"type":"Feature","properties":{"cd":"POI094","nm":"망원한강공원","cat":"공원","lon":126.899269,"lat":37.553281},"geometry":{"type":"Polygon","coordinates":[[[126.89606,37.5605],[126.89587,37.55925],[126.89613,37.55636],[126.89698,37.55548],[126.90323,37.55062],[126.9055,37.54904],[126.90683,37.54871],[126.91017,37.54844],[126.90941,37.54801],[126.90866,37.54738],[126.90711,37.54605],[126.89263,37.55636],[126.89209,37.55671],[126.8919,37.55713],[126.89187,37.55746],[126.89184,37.55776],[126.89193,37.55811],[126.89234,37.55854],[126.89278,37.55884],[126.89357,37.55954],[126.89606,37.5605]]]}},{"type":"Feature","properties":{"cd":"POI095","nm":"반포한강공원","cat":"공원","lon":126.994674,"lat":37.509825},"geometry":{"type":"Polygon","coordinates":[[[127.00505,37.51738],[127.00744,37.5158],[127.00379,37.51251],[127.0025,37.51161],[126.99894,37.5101],[126.99629,37.50892],[126.99336,37.50762],[126.98807,37.50543],[126.9828,37.50453],[126.98107,37.50433],[126.98025,37.50433],[126.98082,37.50628],[126.9817,37.50628],[126.98205,37.50621],[126.98429,37.50661],[126.98454,37.50689],[126.98564,37.50689],[126.98684,37.50729],[126.98942,37.50814],[126.99276,37.5096],[126.99314,37.50995],[126.99452,37.51035],[126.99717,37.51223],[126.99821,37.51284],[126.99957,37.51306],[127.0013,37.51356],[127.00237,37.51437],[127.00328,37.51462],[127.00464,37.51605],[127.00467,37.5163],[127.0047,37.51695],[127.00476,37.51723],[127.00505,37.51738]]]}},{"type":"Feature","properties":{"cd":"POI096","nm":"북서울꿈의숲","cat":"공원","lon":127.041132,"lat":37.621883},"geometry":{"type":"Polygon","coordinates":[[[127.037,37.62036],[127.03708,37.62058],[127.03708,37.6206],[127.03708,37.6206],[127.03709,37.62062],[127.03717,37.62074],[127.03717,37.62075],[127.03724,37.62091],[127.03732,37.62108],[127.0374,37.62127],[127.0374,37.62127],[127.03749,37.62128],[127.03749,37.62129],[127.03757,37.6214],[127.03757,37.6214],[127.03757,37.6214],[127.03758,37.62143],[127.03762,37.6216],[127.03762,37.62162],[127.03763,37.62173],[127.03763,37.62175],[127.03764,37.62187],[127.03763,37.622],[127.03762,37.62203],[127.03762,37.62206],[127.03762,37.62207],[127.03763,37.6221],[127.03764,37.62227],[127.03773,37.62249],[127.03774,37.62251],[127.03776,37.62255],[127.03776,37.62261],[127.0378,37.62262],[127.03782,37.62267],[127.03779,37.62266],[127.03779,37.62275],[127.03781,37.6228],[127.03781,37.62283],[127.03782,37.62288],[127.03777,37.62287],[127.03777,37.62304],[127.03772,37.62307],[127.03767,37.6231],[127.03766,37.6231],[127.03767,37.62324],[127.03767,37.62331],[127.03767,37.62335],[127.03765,37.62349],[127.03765,37.6235],[127.03765,37.6235],[127.03765,37.6235],[127.03764,37.62353],[127.03764,37.62353],[127.03813,37.62369],[127.03877,37.62392],[127.03859,37.62409],[127.03839,37.62419],[127.03802,37.62432],[127.03786,37.6243],[127.03777,37.62425],[127.03754,37.62413],[127.03753,37.62413],[127.03752,37.62415],[127.03752,37.62416],[127.03748,37.62437],[127.03747,37.62439],[127.03739,37.62459],[127.03738,37.62462],[127.03738,37.62462],[127.03737,37.62466],[127.03728,37.62488],[127.03727,37.62491],[127.03721,37.62504],[127.03717,37.62515],[127.03712,37.62529],[127.03709,37.62535],[127.03709,37.62538],[127.03709,37.62538],[127.03731,37.62543],[127.03746,37.62555],[127.03755,37.62564],[127.03778,37.62597],[127.03784,37.62606],[127.03799,37.62624],[127.03808,37.62634],[127.03831,37.62652],[127.03859,37.62663],[127.03881,37.62672],[127.03894,37.62676],[127.03897,37.62677],[127.03932,37.62689],[127.03979,37.62705],[127.0398,37.62704],[127.03991,37.62707],[127.03982,37.62684],[127.03987,37.62679],[127.03983,37.62678],[127.03975,37.62678],[127.03972,37.62679],[127.03968,37.62679],[127.0396,37.6268],[127.0395,37.62681],[127.03942,37.62678],[127.03921,37.62669],[127.03915,37.62664],[127.03909,37.6266],[127.03909,37.62655],[127.03907,37.62651],[127.03906,37.62648],[127.03906,37.62648],[127.03904,37.62641],[127.03904,37.62641],[127.03905,37.62622],[127.03905,37.62601],[127.03907,37.62594],[127.03906,37.62586],[127.03902,37.62579],[127.03894,37.62564],[127.03891,37.62556],[127.03883,37.6254],[127.03893,37.62537],[127.03894,37.62537],[127.03909,37.62533],[127.03916,37.62531],[127.03919,37.62531],[127.0392,37.62532],[127.03924,37.62535],[127.03925,37.62538],[127.03928,37.62544],[127.03929,37.62546],[127.03929,37.62548],[127.03929,37.6255],[127.03931,37.62557],[127.03933,37.62562],[127.03933,37.62564],[127.03935,37.62566],[127.03952,37.62604],[127.03954,37.62607],[127.03955,37.62609],[127.0396,37.62615],[127.03964,37.62617],[127.03976,37.62621],[127.03978,37.62626],[127.0399,37.62638],[127.03993,37.62643],[127.03995,37.62647],[127.03996,37.62651],[127.0401,37.62649],[127.04013,37.62651],[127.04019,37.62653],[127.0402,37.62658],[127.04019,37.6266],[127.04028,37.62663],[127.04036,37.62667],[127.04037,37.62668],[127.04038,37.6267],[127.04049,37.62674],[127.0405,37.62673],[127.04063,37.62665],[127.04081,37.62651],[127.04092,37.62644],[127.041,37.62641],[127.04103,37.62641],[127.04105,37.62643],[127.04109,37.62644],[127.0411,37.62645],[127.04112,37.62644],[127.04118,37.62642],[127.04124,37.6264],[127.04122,37.62638],[127.04121,37.62637],[127.04121,37.62635],[127.04123,37.62632],[127.04127,37.62631],[127.04135,37.62621],[127.04145,37.6262],[127.0415,37.6262],[127.04162,37.62617],[127.04178,37.62615],[127.0419,37.62613],[127.042,37.62611],[127.04208,37.6262],[127.04228,37.62649],[127.04231,37.62655],[127.04231,37.62656],[127.04189,37.62674],[127.04159,37.62682],[127.04154,37.62683],[127.04152,37.62685],[127.0415,37.62685],[127.04149,37.62686],[127.04139,37.62688],[127.04134,37.62685],[127.0413,37.62681],[127.04124,37.62685],[127.04102,37.62706],[127.04095,37.62709],[127.04071,37.62716],[127.04066,37.62724],[127.04062,37.62732],[127.0407,37.62735],[127.04074,37.62736],[127.04079,37.62738],[127.04086,37.62739],[127.04095,37.6274],[127.04105,37.62741],[127.04116,37.62742],[127.04121,37.62745],[127.04122,37.62746],[127.04129,37.6275],[127.04145,37.62761],[127.04171,37.62779],[127.04187,37.62791],[127.04204,37.62803],[127.04208,37.62806],[127.04211,37.62808],[127.04229,37.62822],[127.04233,37.62824],[127.04237,37.62825],[127.04259,37.62833],[127.04276,37.6284],[127.04278,37.62841],[127.04289,37.62843],[127.04294,37.62844],[127.04313,37.62844],[127.04295,37.62894],[127.04372,37.62952],[127.04384,37.62939],[127.04391,37.62934],[127.04417,37.62913],[127.04432,37.629],[127.04441,37.62894],[127.04444,37.62892],[127.04446,37.62891],[127.04462,37.62882],[127.04475,37.62874],[127.04477,37.62873],[127.04416,37.62793],[127.04408,37.62784],[127.04402,37.6279],[127.04395,37.62797],[127.04382,37.62809],[127.04376,37.62812],[127.04362,37.628],[127.04352,37.62791],[127.04349,37.62787],[127.04343,37.62781],[127.04326,37.62775],[127.04323,37.62774],[127.04321,37.62772],[127.04317,37.62766],[127.04308,37.62747],[127.04313,37.62745],[127.04321,37.62738],[127.04315,37.62731],[127.04313,37.62729],[127.04354,37.62698],[127.044,37.62662],[127.04406,37.62658],[127.04406,37.62647],[127.04406,37.62644],[127.04407,37.6264],[127.0441,37.62627],[127.0442,37.62602],[127.04425,37.62591],[127.0443,37.62582],[127.0443,37.62581],[127.04431,37.62579],[127.04437,37.62569],[127.04443,37.62561],[127.04449,37.62553],[127.04456,37.62545],[127.04461,37.62538],[127.04471,37.62527],[127.04481,37.62516],[127.04474,37.62514],[127.04447,37.62507],[127.04442,37.62513],[127.04437,37.62511],[127.04433,37.62507],[127.04431,37.62505],[127.0443,37.625],[127.04425,37.62498],[127.04421,37.62497],[127.0442,37.62496],[127.04395,37.62484],[127.04393,37.62481],[127.04444,37.62462],[127.04464,37.62455],[127.04496,37.62443],[127.04518,37.62435],[127.0452,37.62426],[127.0452,37.62426],[127.04521,37.62425],[127.04522,37.62421],[127.04526,37.62423],[127.04528,37.62424],[127.04532,37.62427],[127.04535,37.62428],[127.04543,37.62431],[127.04556,37.62413],[127.04562,37.62405],[127.04566,37.62397],[127.0457,37.62392],[127.04586,37.62357],[127.04601,37.62329],[127.04608,37.62315],[127.04612,37.62305],[127.04614,37.62295],[127.04617,37.62279],[127.04621,37.62261],[127.04627,37.62246],[127.04632,37.62238],[127.04642,37.62224],[127.04642,37.62223],[127.04643,37.62223],[127.04634,37.62213],[127.04632,37.62212],[127.0463,37.6221],[127.0461,37.62189],[127.04608,37.62188],[127.04607,37.62186],[127.04589,37.62161],[127.04579,37.62147],[127.04572,37.62139],[127.0457,37.62136],[127.0457,37.62135],[127.04568,37.62131],[127.04566,37.62128],[127.04563,37.62122],[127.04562,37.62121],[127.04559,37.62114],[127.04558,37.62112],[127.04555,37.62108],[127.04552,37.62101],[127.04537,37.62074],[127.04522,37.62047],[127.04523,37.62047],[127.04521,37.62045],[127.04521,37.62045],[127.04506,37.62015],[127.04505,37.62014],[127.04503,37.6201],[127.04498,37.62],[127.0449,37.61986],[127.04484,37.61975],[127.04475,37.61957],[127.04473,37.61955],[127.04468,37.61944],[127.04461,37.61936],[127.04457,37.61933],[127.04457,37.61932],[127.04453,37.61928],[127.04402,37.61873],[127.04397,37.61867],[127.04395,37.61864],[127.04394,37.61864],[127.04391,37.61862],[127.04378,37.61852],[127.04373,37.61849],[127.04368,37.61845],[127.04362,37.61841],[127.04357,37.61837],[127.0433,37.61818],[127.04314,37.61807],[127.04305,37.61801],[127.04303,37.61799],[127.04287,37.61788],[127.0427,37.61776],[127.04258,37.61767],[127.0425,37.61761],[127.04238,37.61753],[127.04234,37.6175],[127.0422,37.6174],[127.04209,37.61731],[127.04186,37.61713],[127.04153,37.6169],[127.04147,37.61689],[127.04145,37.61688],[127.04143,37.61687],[127.04143,37.61687],[127.04139,37.61684],[127.04134,37.61681],[127.04116,37.61667],[127.04112,37.61665],[127.041,37.61657],[127.04098,37.61656],[127.04094,37.61651],[127.04056,37.61611],[127.04041,37.61607],[127.04037,37.61608],[127.04007,37.61619],[127.04004,37.61625],[127.03999,37.61619],[127.03999,37.61611],[127.04,37.61604],[127.04,37.61601],[127.03999,37.61585],[127.03999,37.61576],[127.03997,37.61569],[127.03985,37.61559],[127.03984,37.61559],[127.03984,37.61559],[127.03983,37.6156],[127.03982,37.6156],[127.03976,37.61561],[127.03971,37.61567],[127.03971,37.61568],[127.0397,37.61568],[127.03963,37.61567],[127.0396,37.61566],[127.03957,37.61566],[127.03947,37.6157],[127.03932,37.61573],[127.03927,37.61579],[127.03925,37.61581],[127.03927,37.61583],[127.03915,37.61589],[127.03914,37.61588],[127.03914,37.61588],[127.03899,37.6157],[127.03888,37.61576],[127.03885,37.61573],[127.03878,37.61567],[127.03865,37.61555],[127.03856,37.61547],[127.03845,37.61535],[127.0384,37.61529],[127.03839,37.61527],[127.03838,37.61525],[127.03838,37.61519],[127.03837,37.61517],[127.03837,37.61512],[127.03837,37.61512],[127.03837,37.61511],[127.03836,37.61511],[127.03836,37.61511],[127.03833,37.61511],[127.03824,37.61511],[127.03819,37.61511],[127.03817,37.6151],[127.03817,37.6151],[127.03814,37.61508],[127.0381,37.61508],[127.03804,37.61509],[127.03796,37.61508],[127.03796,37.61509],[127.03796,37.61512],[127.03797,37.61527],[127.03797,37.61527],[127.03797,37.61542],[127.03797,37.61542],[127.03797,37.61561],[127.03797,37.61563],[127.03798,37.61573],[127.03798,37.6158],[127.03798,37.6158],[127.03798,37.61587],[127.03798,37.61591],[127.03798,37.61594],[127.03798,37.61594],[127.03798,37.61601],[127.03798,37.61601],[127.03798,37.61611],[127.03798,37.61622],[127.03798,37.61634],[127.03798,37.61635],[127.03799,37.61647],[127.03799,37.6165],[127.03799,37.61651],[127.03799,37.61651],[127.03798,37.61652],[127.03797,37.61654],[127.03793,37.61657],[127.03789,37.61661],[127.03789,37.61661],[127.03785,37.61666],[127.0378,37.61669],[127.03777,37.61666],[127.03771,37.61659],[127.03768,37.61655],[127.03767,37.61654],[127.03738,37.61671],[127.03738,37.61681],[127.03728,37.61693],[127.03726,37.61695],[127.03718,37.61705],[127.03718,37.61705],[127.03722,37.61735],[127.03729,37.61793],[127.03665,37.61814],[127.03593,37.61837],[127.03593,37.61838],[127.03604,37.61854],[127.03614,37.61869],[127.03616,37.61871],[127.03624,37.61884],[127.03635,37.61899],[127.03657,37.61933],[127.03678,37.61966],[127.03679,37.61968],[127.03679,37.61968],[127.03684,37.61977],[127.03686,37.61981],[127.03682,37.61995],[127.03682,37.61996],[127.037,37.62036]],[[127.04317,37.62614],[127.04309,37.62614],[127.04297,37.62613],[127.04294,37.62613],[127.04281,37.62613],[127.04279,37.62606],[127.04277,37.626],[127.04273,37.62594],[127.04275,37.62589],[127.04279,37.62585],[127.04273,37.62576],[127.04264,37.62574],[127.04263,37.62556],[127.04263,37.62551],[127.04266,37.62546],[127.04263,37.62541],[127.04263,37.6254],[127.04264,37.62533],[127.04273,37.62537],[127.04283,37.62539],[127.04287,37.62544],[127.04292,37.62548],[127.04312,37.6255],[127.04324,37.6256],[127.04333,37.62561],[127.04345,37.62567],[127.04355,37.62568],[127.04365,37.62567],[127.04373,37.6257],[127.04373,37.62571],[127.04372,37.62574],[127.04375,37.62581],[127.04377,37.62581],[127.04379,37.62587],[127.04378,37.62587],[127.04376,37.6259],[127.04377,37.6259],[127.04375,37.62593],[127.04375,37.62593],[127.04369,37.62601],[127.04368,37.62603],[127.04358,37.62604],[127.04355,37.62608],[127.0434,37.62628],[127.04336,37.62626],[127.04319,37.62615],[127.04317,37.62614]]]}},{"type":"Feature","properties":{"cd":"POI098","nm":"서리풀공원·몽마르뜨공원","cat":"공원","lon":127.002682,"lat":37.491583},"geometry":{"type":"Polygon","coordinates":[[[127.0022,37.49336],[127.0022,37.49387],[127.00235,37.49409],[127.00233,37.49462],[127.00212,37.49534],[127.003,37.49554],[127.0028,37.49616],[127.00257,37.49619],[127.00253,37.49632],[127.00276,37.49649],[127.00443,37.49694],[127.00481,37.49733],[127.00531,37.49732],[127.00531,37.49731],[127.00644,37.49767],[127.0065,37.49926],[127.00701,37.49966],[127.00704,37.49998],[127.00706,37.49998],[127.0071,37.5001],[127.00655,37.50218],[127.0065,37.50317],[127.00656,37.50318],[127.00687,37.50246],[127.00697,37.50156],[127.00725,37.50119],[127.00794,37.4997],[127.00874,37.49855],[127.00879,37.49854],[127.00881,37.49851],[127.00884,37.49848],[127.00946,37.49793],[127.00978,37.49794],[127.0097,37.49809],[127.01018,37.49812],[127.01027,37.49807],[127.01035,37.49785],[127.01029,37.49753],[127.01016,37.4973],[127.01017,37.4973],[127.0097,37.49672],[127.00987,37.49642],[127.00804,37.49593],[127.00694,37.49564],[127.0069,37.49573],[127.00687,37.49579],[127.00605,37.49605],[127.00595,37.49602],[127.00588,37.49605],[127.00588,37.49605],[127.00529,37.49625],[127.00509,37.49619],[127.00478,37.4956],[127.0049,37.49535],[127.00523,37.49518],[127.00544,37.49466],[127.00498,37.49444],[127.00476,37.49409],[127.00406,37.49389],[127.00321,37.49356],[127.00266,37.49299],[127.00252,37.49287],[127.00355,37.49194],[127.00367,37.49183],[127.00385,37.49166],[127.00386,37.49165],[127.00397,37.49145],[127.00412,37.49116],[127.00412,37.49115],[127.00424,37.4909],[127.0042,37.49027],[127.00369,37.48872],[127.00442,37.4886],[127.00425,37.48723],[127.00418,37.48724],[127.00418,37.48721],[127.00397,37.48723],[127.00378,37.48725],[127.00387,37.4875],[127.00392,37.48764],[127.00392,37.48766],[127.00376,37.48778],[127.00371,37.48778],[127.00342,37.48771],[127.00344,37.48736],[127.00301,37.48734],[127.00305,37.48677],[127.00303,37.48673],[127.00302,37.48663],[127.00305,37.48653],[127.00305,37.48653],[127.00313,37.4865],[127.00323,37.48647],[127.0032,37.48642],[127.00318,37.48641],[127.00318,37.4864],[127.00283,37.48629],[127.00257,37.48621],[127.00251,37.48616],[127.00244,37.48614],[127.00197,37.48587],[127.00187,37.48581],[127.00156,37.48553],[127.0015,37.48542],[127.00165,37.48535],[127.00187,37.48521],[127.00194,37.48517],[127.00245,37.48429],[127.00239,37.48397],[127.00234,37.48393],[127.00229,37.4837],[127.00229,37.48367],[127.00228,37.48362],[127.00227,37.48356],[127.00218,37.48304],[127.00218,37.48304],[127.00215,37.48278],[127.00185,37.4827],[127.00139,37.48276],[127.00134,37.483],[127.00077,37.48327],[127.00034,37.4834],[126.99993,37.48342],[126.99979,37.48338],[126.99925,37.48324],[126.99913,37.48319],[126.99913,37.48327],[126.99947,37.48377],[126.99949,37.4838],[126.99965,37.48405],[126.99957,37.48408],[126.99949,37.4841],[126.99943,37.48412],[126.99931,37.48415],[126.99918,37.48419],[126.99904,37.48424],[126.99891,37.48427],[126.99889,37.48428],[126.99892,37.48433],[126.99894,37.48433],[126.9991,37.48433],[126.99922,37.48434],[126.99923,37.48435],[126.99935,37.4844],[126.99936,37.48441],[126.99946,37.48449],[126.99951,37.48453],[126.99949,37.48462],[126.99945,37.48469],[126.99939,37.48472],[126.9994,37.48487],[126.99935,37.48487],[126.99931,37.48496],[126.99927,37.48503],[126.99914,37.48507],[126.99903,37.48532],[126.99857,37.48557],[126.99836,37.48575],[126.99836,37.48576],[126.99837,37.48586],[126.9993,37.48575],[126.99931,37.48576],[126.99941,37.48575],[126.99947,37.48575],[126.99958,37.48574],[126.9997,37.48583],[127.00007,37.48614],[126.99999,37.48645],[126.99988,37.48681],[126.99988,37.48681],[126.99983,37.48696],[126.99971,37.4874],[126.99969,37.48745],[126.99963,37.48754],[126.99962,37.48757],[126.99951,37.48772],[126.99943,37.48784],[126.99936,37.48795],[126.99933,37.48799],[126.99939,37.48804],[126.99947,37.48812],[126.99962,37.48827],[126.99968,37.48834],[126.99975,37.4884],[126.99975,37.4884],[126.99973,37.48852],[126.99973,37.48852],[126.99972,37.48859],[126.99967,37.48893],[126.99963,37.48919],[126.99961,37.4893],[126.9996,37.48937],[126.99957,37.48954],[126.99938,37.48953],[126.99931,37.48953],[126.99914,37.48952],[126.99901,37.48952],[126.99877,37.48951],[126.99856,37.4895],[126.99842,37.4895],[126.99827,37.48949],[126.99813,37.48948],[126.99798,37.48947],[126.99783,37.48947],[126.99769,37.48946],[126.99755,37.48946],[126.99737,37.48945],[126.99735,37.48945],[126.99732,37.4895],[126.99732,37.4895],[126.99671,37.49044],[126.99672,37.49045],[126.99672,37.49045],[126.99675,37.49048],[126.99681,37.49056],[126.99718,37.49099],[126.99719,37.491],[126.99724,37.49106],[126.99731,37.49115],[126.99738,37.49123],[126.99772,37.49166],[126.99774,37.49168],[126.9978,37.49173],[126.99784,37.49184],[126.99786,37.49189],[126.99803,37.49198],[126.99884,37.49245],[126.99867,37.49276],[126.99821,37.49351],[126.99818,37.49356],[126.99817,37.49358],[126.99851,37.49357],[126.99853,37.49357],[126.99859,37.49357],[126.99955,37.49359],[126.99963,37.49359],[126.99975,37.49359],[126.99979,37.49359],[126.99989,37.49355],[127.00003,37.49345],[127.00005,37.49343],[127.00014,37.49334],[127.00022,37.49328],[127.00028,37.49328],[127.00029,37.49328],[127.00035,37.49326],[127.0005,37.49322],[127.00054,37.49323],[127.00066,37.49327],[127.00079,37.49322],[127.00119,37.49334],[127.00133,37.49343],[127.00153,37.49347],[127.00169,37.49354],[127.00173,37.49351],[127.0022,37.49336]]]}},{"type":"Feature","properties":{"cd":"POI100","nm":"서울대공원","cat":"공원","lon":127.017157,"lat":37.429007},"geometry":{"type":"Polygon","coordinates":[[[127.0019,37.43726],[127.00641,37.43542],[127.00849,37.43883],[127.00918,37.43878],[127.01178,37.43984],[127.01213,37.4392],[127.01299,37.43887],[127.01374,37.43855],[127.01415,37.43749],[127.01461,37.43731],[127.01467,37.43767],[127.01548,37.43841],[127.01571,37.4385],[127.01675,37.43827],[127.01698,37.43791],[127.01658,37.43735],[127.01681,37.43698],[127.01721,37.43689],[127.01819,37.43726],[127.01866,37.43694],[127.01877,37.43615],[127.01918,37.43588],[127.02097,37.4362],[127.02149,37.43606],[127.02224,37.4356],[127.02282,37.43537],[127.02357,37.43551],[127.02472,37.43574],[127.0268,37.435],[127.02669,37.43399],[127.02264,37.4332],[127.02154,37.43316],[127.02293,37.43081],[127.0242,37.4309],[127.02536,37.43044],[127.02576,37.42989],[127.02663,37.42906],[127.02744,37.42855],[127.02819,37.42855],[127.02853,37.42832],[127.02853,37.42767],[127.02824,37.4274],[127.02709,37.42767],[127.02605,37.42781],[127.02553,37.42786],[127.0242,37.42901],[127.02322,37.43035],[127.02108,37.43049],[127.02044,37.42984],[127.01998,37.42943],[127.01871,37.42924],[127.01871,37.42915],[127.02033,37.42832],[127.02195,37.42823],[127.02281,37.42754],[127.02327,37.42726],[127.02426,37.42726],[127.02455,37.42661],[127.02443,37.42606],[127.02518,37.42565],[127.02559,37.42459],[127.02668,37.42422],[127.02761,37.42311],[127.02911,37.4232],[127.02946,37.42233],[127.0283,37.42228],[127.02726,37.42205],[127.02639,37.42178],[127.02582,37.42187],[127.02547,37.42173],[127.02529,37.42086],[127.02651,37.42044],[127.02685,37.41929],[127.02969,37.41818],[127.03038,37.41777],[127.03032,37.41744],[127.02604,37.41745],[127.02628,37.41671],[127.02477,37.41689],[127.02414,37.41675],[127.02344,37.41588],[127.02183,37.41556],[127.02015,37.41551],[127.01929,37.41602],[127.019,37.41735],[127.01998,37.41851],[127.01998,37.41906],[127.01877,37.41947],[127.01865,37.41998],[127.01906,37.42109],[127.01871,37.42155],[127.01657,37.42169],[127.01651,37.42242],[127.01767,37.42251],[127.01831,37.42339],[127.01784,37.42431],[127.01698,37.42436],[127.01536,37.42422],[127.01438,37.42427],[127.01316,37.42464],[127.01287,37.42542],[127.01316,37.42602],[127.01415,37.42588],[127.01524,37.42574],[127.01565,37.42625],[127.01547,37.42685],[127.01311,37.42726],[127.01264,37.42735],[127.01259,37.428],[127.01149,37.42758],[127.01085,37.42804],[127.01108,37.42892],[127.01062,37.42934],[127.0108,37.43007],[127.00929,37.42994],[127.00924,37.43063],[127.00854,37.43155],[127.00617,37.43026],[127.006,37.43072],[127.00554,37.43072],[127.00669,37.43247],[127.00733,37.43261],[127.00536,37.43344],[127.00375,37.43118],[127.00253,37.43155],[127.00317,37.43353],[127.00138,37.43648],[127.0019,37.43726]]]}},{"type":"Feature","properties":{"cd":"POI101","nm":"서울숲공원","cat":"공원","lon":127.03765,"lat":37.542963},"geometry":{"type":"Polygon","coordinates":[[[127.03209,37.54525],[127.03648,37.54374],[127.03652,37.54398],[127.03652,37.54449],[127.03666,37.54521],[127.03705,37.54729],[127.03727,37.54809],[127.0376,37.54856],[127.03798,37.54893],[127.03851,37.54944],[127.03977,37.55013],[127.04039,37.55064],[127.04193,37.55118],[127.04242,37.54877],[127.0394,37.54846],[127.03921,37.54816],[127.03821,37.54844],[127.03768,37.54733],[127.03926,37.54691],[127.03937,37.54715],[127.04182,37.54648],[127.04141,37.54564],[127.0432,37.54509],[127.04203,37.5423],[127.04399,37.54181],[127.04375,37.54042],[127.04376,37.5393],[127.04378,37.53828],[127.04353,37.53719],[127.04282,37.53739],[127.04063,37.53807],[127.03786,37.5391],[127.03635,37.53956],[127.03498,37.53997],[127.03268,37.54066],[127.03156,37.5409],[127.0306,37.54105],[127.02948,37.5412],[127.02809,37.54124],[127.02782,37.54136],[127.02765,37.54156],[127.02754,37.54177],[127.02751,37.54198],[127.02759,37.54227],[127.02774,37.54246],[127.03178,37.54486],[127.03209,37.54525]]]}},{"type":"Feature","properties":{"cd":"POI102","nm":"아차산","cat":"공원","lon":127.102811,"lat":37.566842},"geometry":{"type":"Polygon","coordinates":[[[127.10323,37.57895],[127.10973,37.57615],[127.11074,37.57559],[127.11264,37.57524],[127.11668,37.57504],[127.11737,37.57338],[127.11643,37.57324],[127.11602,37.57255],[127.11913,37.57093],[127.12016,37.57225],[127.12084,37.57228],[127.12082,37.57172],[127.11926,37.56938],[127.11666,37.56688],[127.11508,37.56419],[127.11301,37.56397],[127.11253,37.5626],[127.11221,37.56245],[127.11137,37.56219],[127.1112,37.56158],[127.11056,37.5617],[127.11011,37.56104],[127.11077,37.55973],[127.10965,37.55927],[127.10995,37.55869],[127.10813,37.55807],[127.10798,37.55764],[127.10814,37.55748],[127.10976,37.55723],[127.10915,37.55621],[127.10841,37.556],[127.10802,37.5553],[127.10828,37.55494],[127.10866,37.55488],[127.10894,37.55459],[127.10867,37.55418],[127.10814,37.55385],[127.10787,37.55359],[127.1079,37.55335],[127.10728,37.55264],[127.10712,37.5521],[127.10673,37.55172],[127.10605,37.55155],[127.10564,37.55161],[127.10507,37.55187],[127.10356,37.55182],[127.10162,37.55134],[127.1009,37.55085],[127.09981,37.55206],[127.09973,37.55257],[127.0993,37.55288],[127.09957,37.55329],[127.09874,37.55403],[127.09901,37.55442],[127.09857,37.55477],[127.09796,37.55431],[127.09753,37.55416],[127.09702,37.55442],[127.09756,37.55487],[127.09734,37.55508],[127.09611,37.55509],[127.0962,37.55555],[127.0955,37.55622],[127.09545,37.55674],[127.09589,37.55688],[127.09625,37.55729],[127.09605,37.55774],[127.09562,37.55802],[127.09555,37.55857],[127.09579,37.55925],[127.09613,37.56038],[127.09586,37.56132],[127.09622,37.56217],[127.09609,37.56224],[127.09571,37.56209],[127.09517,37.56162],[127.09494,37.56098],[127.09473,37.56079],[127.09476,37.56044],[127.09402,37.55926],[127.09336,37.55936],[127.09163,37.56016],[127.09091,37.56188],[127.09034,37.5616],[127.08975,37.56185],[127.08963,37.56254],[127.08984,37.56315],[127.09013,37.56415],[127.08957,37.56559],[127.08949,37.5662],[127.08945,37.56702],[127.0902,37.56693],[127.09051,37.56728],[127.09039,37.56746],[127.0898,37.5674],[127.08992,37.56782],[127.08962,37.56827],[127.08902,37.56866],[127.08852,37.57027],[127.08802,37.57185],[127.0884,37.57192],[127.08872,37.57248],[127.0908,37.57219],[127.09105,37.57152],[127.0924,37.5709],[127.09346,37.57149],[127.09353,37.57264],[127.09249,37.57361],[127.09208,37.57469],[127.09086,37.57543],[127.08935,37.57528],[127.0902,37.57638],[127.0906,37.5764],[127.09096,37.57673],[127.09211,37.57723],[127.09332,37.57716],[127.09479,37.57825],[127.09618,37.57942],[127.10323,37.57895]]]}},{"type":"Feature","properties":{"cd":"POI112","nm":"청계산","cat":"공원","lon":127.050018,"lat":37.440739},"geometry":{"type":"Polygon","coordinates":[[[127.04946,37.45425],[127.06166,37.43904],[127.06984,37.43085],[127.06776,37.43032],[127.06572,37.42902],[127.0613,37.42997],[127.05988,37.42952],[127.05812,37.42998],[127.05228,37.42829],[127.05007,37.43019],[127.04733,37.43058],[127.04702,37.43217],[127.04096,37.43781],[127.03689,37.43817],[127.03541,37.43894],[127.03512,37.44085],[127.03826,37.44483],[127.03763,37.44938],[127.03475,37.45289],[127.03672,37.45619],[127.03805,37.45665],[127.03867,37.45636],[127.03946,37.45599],[127.04032,37.45517],[127.04087,37.45469],[127.04141,37.45254],[127.04232,37.45076],[127.04548,37.45067],[127.04659,37.45201],[127.04727,37.45201],[127.04946,37.45425]]]}},{"type":"Feature","properties":{"cd":"POI103","nm":"양화한강공원","cat":"공원","lon":126.898185,"lat":37.541305},"geometry":{"type":"Polygon","coordinates":[[[126.8897,37.5474],[126.90597,37.53718],[126.90627,37.53689],[126.9068,37.53605],[126.90683,37.53531],[126.9039,37.53689],[126.90211,37.53831],[126.90166,37.53864],[126.892,37.54409],[126.89106,37.5451],[126.8897,37.5474]]]}},{"type":"Feature","properties":{"cd":"POI104","nm":"어린이대공원","cat":"공원","lon":127.081358,"lat":37.549061},"geometry":{"type":"Polygon","coordinates":[[[127.07833,37.55293],[127.07837,37.55289],[127.0784,37.5529],[127.07844,37.55292],[127.07849,37.55294],[127.07855,37.55294],[127.07865,37.55292],[127.07866,37.55292],[127.0787,37.55291],[127.0788,37.55287],[127.07892,37.55283],[127.07896,37.55282],[127.07912,37.5528],[127.07926,37.55278],[127.0793,37.55277],[127.07937,37.55271],[127.07946,37.55264],[127.07949,37.55261],[127.07949,37.55261],[127.07943,37.55255],[127.07943,37.55255],[127.0794,37.55252],[127.07929,37.55239],[127.07927,37.55238],[127.07917,37.55234],[127.07915,37.55233],[127.07905,37.55227],[127.07914,37.55216],[127.07921,37.55206],[127.07943,37.55206],[127.07946,37.55211],[127.07968,37.55214],[127.07984,37.55226],[127.08001,37.55229],[127.08007,37.55242],[127.08006,37.55259],[127.08033,37.5526],[127.08061,37.55262],[127.08094,37.55255],[127.0811,37.55257],[127.08153,37.55248],[127.08171,37.55231],[127.08176,37.55228],[127.08179,37.55226],[127.08186,37.55224],[127.08193,37.55222],[127.08198,37.55221],[127.08219,37.55222],[127.08248,37.55224],[127.08251,37.55224],[127.08253,37.55225],[127.08256,37.55226],[127.08258,37.55228],[127.0826,37.5523],[127.0827,37.55247],[127.08281,37.55265],[127.08284,37.55265],[127.08356,37.55267],[127.0836,37.55267],[127.08363,37.55267],[127.08364,37.55267],[127.08386,37.55258],[127.08427,37.55241],[127.08478,37.55221],[127.08481,37.55219],[127.08482,37.55217],[127.08483,37.55212],[127.08484,37.55207],[127.08484,37.55206],[127.08486,37.552],[127.08544,37.55176],[127.08546,37.55176],[127.08571,37.55166],[127.08594,37.55157],[127.08607,37.55152],[127.08611,37.55151],[127.08612,37.55151],[127.08619,37.5515],[127.08657,37.55163],[127.08692,37.55178],[127.08701,37.55182],[127.08717,37.55188],[127.0873,37.55195],[127.08738,37.55199],[127.08772,37.5521],[127.08838,37.55235],[127.08845,37.55237],[127.08845,37.55237],[127.08851,37.55232],[127.08854,37.5523],[127.08859,37.55229],[127.08865,37.55228],[127.0887,37.55228],[127.0892,37.55225],[127.08948,37.55232],[127.08951,37.55232],[127.08955,37.55222],[127.08958,37.55214],[127.08959,37.55213],[127.08968,37.5519],[127.0897,37.55186],[127.08942,37.55166],[127.08941,37.55161],[127.08925,37.55152],[127.08902,37.55126],[127.08901,37.55125],[127.08895,37.55117],[127.08891,37.55114],[127.08878,37.55105],[127.08864,37.55095],[127.08855,37.55088],[127.08854,37.55088],[127.08854,37.55088],[127.08849,37.55082],[127.08838,37.55071],[127.08815,37.55048],[127.08813,37.55046],[127.08805,37.55038],[127.08803,37.55036],[127.08807,37.55032],[127.08817,37.55023],[127.08816,37.55022],[127.08832,37.55011],[127.08832,37.55011],[127.08796,37.54974],[127.08784,37.54962],[127.08777,37.54954],[127.08777,37.54953],[127.0877,37.54946],[127.08763,37.54938],[127.08756,37.54939],[127.08753,37.5494],[127.08709,37.54949],[127.08698,37.54951],[127.08684,37.54952],[127.08683,37.54957],[127.08675,37.54965],[127.08664,37.54962],[127.08663,37.54961],[127.08657,37.54958],[127.08655,37.54955],[127.08653,37.54954],[127.0864,37.54968],[127.0863,37.54957],[127.0862,37.5495],[127.0862,37.5495],[127.08624,37.5494],[127.08627,37.54939],[127.08623,37.54932],[127.08616,37.54931],[127.08609,37.54928],[127.08611,37.54928],[127.08609,37.54926],[127.086,37.54908],[127.086,37.54907],[127.08595,37.54907],[127.08595,37.54907],[127.08592,37.54909],[127.08587,37.54911],[127.08585,37.54909],[127.0857,37.54897],[127.08566,37.54895],[127.08562,37.54889],[127.08539,37.54898],[127.08525,37.54908],[127.08523,37.54904],[127.08521,37.54899],[127.08526,37.54887],[127.08531,37.54882],[127.0854,37.54873],[127.08542,37.54871],[127.08544,37.54869],[127.08543,37.54864],[127.08543,37.54859],[127.08539,37.54857],[127.08536,37.54856],[127.08546,37.54842],[127.08558,37.54818],[127.0856,37.54814],[127.0857,37.54789],[127.08573,37.54778],[127.08578,37.54759],[127.0858,37.5475],[127.08579,37.54745],[127.08576,37.54735],[127.08575,37.54731],[127.08566,37.54705],[127.08566,37.54695],[127.08567,37.5469],[127.08567,37.5469],[127.0857,37.54685],[127.08574,37.54681],[127.08574,37.5468],[127.08576,37.54675],[127.08577,37.54675],[127.08573,37.54675],[127.08573,37.54674],[127.08594,37.54656],[127.08594,37.54656],[127.08598,37.54654],[127.0859,37.54644],[127.08589,37.54643],[127.0859,37.54642],[127.08591,37.54642],[127.08591,37.54642],[127.08589,37.5464],[127.08595,37.54636],[127.08595,37.54636],[127.08591,37.54632],[127.08583,37.54626],[127.08583,37.54626],[127.08569,37.54614],[127.08565,37.54611],[127.0855,37.54599],[127.08548,37.54596],[127.08547,37.54595],[127.08547,37.54594],[127.08545,37.54591],[127.08545,37.54591],[127.08545,37.54584],[127.08545,37.54584],[127.08545,37.54584],[127.08532,37.54575],[127.08528,37.54572],[127.08528,37.5455],[127.08528,37.5455],[127.08512,37.5453],[127.08509,37.54518],[127.08506,37.54511],[127.08445,37.54514],[127.08444,37.54514],[127.08427,37.54515],[127.0841,37.54516],[127.08408,37.54516],[127.0838,37.54518],[127.08378,37.54518],[127.08339,37.5452],[127.0825,37.54525],[127.08249,37.54525],[127.08199,37.54528],[127.08161,37.5453],[127.08155,37.5453],[127.08155,37.5453],[127.08156,37.54538],[127.081,37.54538],[127.0805,37.54535],[127.08049,37.54535],[127.08024,37.54532],[127.07993,37.5453],[127.07963,37.54533],[127.07955,37.54535],[127.07942,37.54538],[127.07928,37.54541],[127.07913,37.54544],[127.07895,37.54548],[127.07865,37.54554],[127.07851,37.54558],[127.07834,37.54562],[127.07823,37.54564],[127.07814,37.54565],[127.078,37.54568],[127.07782,37.54571],[127.07774,37.54573],[127.07743,37.5458],[127.07731,37.54583],[127.07721,37.54587],[127.07706,37.54592],[127.0769,37.546],[127.07663,37.54616],[127.07648,37.54623],[127.07647,37.54623],[127.07626,37.54633],[127.07606,37.54643],[127.07593,37.54649],[127.07591,37.5465],[127.07574,37.54659],[127.07558,37.54667],[127.07556,37.54668],[127.07534,37.54681],[127.07512,37.54694],[127.07512,37.54695],[127.07507,37.54697],[127.075,37.54702],[127.07493,37.54705],[127.07491,37.54706],[127.07489,37.54706],[127.07489,37.54705],[127.07489,37.54705],[127.07426,37.54729],[127.07426,37.54729],[127.07417,37.54731],[127.07413,37.54732],[127.07448,37.54785],[127.07472,37.54819],[127.07474,37.54823],[127.07475,37.54825],[127.07476,37.54826],[127.07517,37.54886],[127.07519,37.54889],[127.07519,37.54889],[127.0752,37.54892],[127.07537,37.54887],[127.07559,37.54925],[127.07596,37.54989],[127.07605,37.55003],[127.07622,37.55023],[127.07625,37.55034],[127.07626,37.55038],[127.07632,37.5505],[127.0764,37.55069],[127.07646,37.55086],[127.07653,37.55102],[127.07654,37.55105],[127.07659,37.55117],[127.07664,37.55131],[127.07673,37.55152],[127.07679,37.55156],[127.07676,37.55155],[127.07677,37.55158],[127.07683,37.5517],[127.07687,37.55179],[127.07691,37.55188],[127.07692,37.5519],[127.07694,37.55192],[127.07699,37.55203],[127.07705,37.55216],[127.07706,37.55218],[127.07707,37.5522],[127.07709,37.55224],[127.07713,37.55233],[127.07718,37.55241],[127.07726,37.55258],[127.07734,37.55274],[127.0774,37.55287],[127.07728,37.55293],[127.0774,37.55289],[127.0778,37.55278],[127.0779,37.55275],[127.07794,37.55274],[127.07797,37.55273],[127.07805,37.55288],[127.07813,37.55307],[127.07815,37.55311],[127.07815,37.55311],[127.07818,37.55308],[127.07823,37.55304],[127.07825,37.55303],[127.07828,37.55299],[127.07833,37.55293]]]}},{"type":"Feature","properties":{"cd":"POI105","nm":"여의도한강공원","cat":"공원","lon":126.928223,"lat":37.528987},"geometry":{"type":"Polygon","coordinates":[[[126.92159,37.53395],[126.92221,37.53382],[126.92254,37.53374],[126.92263,37.53372],[126.92295,37.53364],[126.92403,37.53336],[126.925,37.53304],[126.92628,37.5326],[126.92725,37.53221],[126.92778,37.53199],[126.92886,37.53156],[126.9298,37.53116],[126.9308,37.53069],[126.93091,37.53062],[126.93162,37.53023],[126.93195,37.53003],[126.93245,37.52972],[126.93291,37.5294],[126.93331,37.52912],[126.93403,37.52857],[126.93486,37.52787],[126.93586,37.52702],[126.93733,37.52577],[126.93857,37.52473],[126.94014,37.52342],[126.94164,37.52217],[126.94295,37.52104],[126.94312,37.52089],[126.94332,37.52073],[126.94343,37.52063],[126.94357,37.52042],[126.94379,37.5201],[126.94387,37.51993],[126.94392,37.51982],[126.94392,37.51982],[126.94391,37.51967],[126.94389,37.51953],[126.94384,37.51934],[126.94379,37.51921],[126.94371,37.51908],[126.94358,37.51891],[126.94357,37.51891],[126.94357,37.5189],[126.94325,37.5187],[126.94306,37.51861],[126.94285,37.51852],[126.94282,37.51851],[126.94271,37.51846],[126.94265,37.51846],[126.94239,37.5181],[126.94228,37.51795],[126.94215,37.51787],[126.94203,37.51783],[126.94194,37.51783],[126.94187,37.51785],[126.94163,37.518],[126.94154,37.51817],[126.94151,37.51825],[126.94146,37.51834],[126.94144,37.51848],[126.94124,37.51937],[126.94122,37.51946],[126.94115,37.51982],[126.9411,37.52005],[126.94102,37.52031],[126.94085,37.52058],[126.94065,37.52086],[126.94063,37.52089],[126.94042,37.5211],[126.93855,37.52248],[126.93832,37.52266],[126.93831,37.5228],[126.93832,37.52281],[126.93837,37.52293],[126.93857,37.52304],[126.93859,37.52305],[126.93865,37.52308],[126.93857,37.52316],[126.93831,37.52342],[126.93824,37.52346],[126.93815,37.52342],[126.93784,37.52337],[126.93769,37.52337],[126.93749,37.52346],[126.93727,37.52362],[126.93584,37.52471],[126.93394,37.52619],[126.93307,37.52684],[126.93218,37.52751],[126.93085,37.52851],[126.93054,37.52874],[126.93048,37.52893],[126.9305,37.52897],[126.93054,37.52907],[126.93054,37.52909],[126.93061,37.5292],[126.93063,37.52938],[126.93058,37.5295],[126.93029,37.52979],[126.9302,37.52985],[126.92999,37.52993],[126.92991,37.52994],[126.92929,37.5298],[126.92908,37.52979],[126.92888,37.52981],[126.92849,37.52992],[126.92803,37.53012],[126.92752,37.53036],[126.92686,37.53062],[126.92639,37.53081],[126.92427,37.53148],[126.92284,37.53192],[126.92272,37.53199],[126.92257,37.53213],[126.92249,37.53216],[126.92238,37.53214],[126.92215,37.53213],[126.92179,37.53221],[126.92159,37.53227],[126.92112,37.53241],[126.92026,37.53263],[126.92001,37.53269],[126.91937,37.53284],[126.91867,37.53301],[126.91786,37.53324],[126.91684,37.53345],[126.91618,37.53359],[126.91617,37.53359],[126.91593,37.53363],[126.91552,37.53371],[126.91478,37.53376],[126.91458,37.53377],[126.91339,37.53386],[126.91276,37.5339],[126.91262,37.53391],[126.91246,37.5339],[126.91218,37.53383],[126.91204,37.53379],[126.91193,37.53376],[126.91183,37.53371],[126.9118,37.53369],[126.91156,37.53355],[126.91121,37.5333],[126.91118,37.53328],[126.91098,37.53316],[126.91095,37.53314],[126.9109,37.53311],[126.91072,37.53303],[126.91066,37.53302],[126.91053,37.53306],[126.9103,37.5332],[126.91028,37.5332],[126.9101,37.53328],[126.91002,37.5333],[126.90994,37.53332],[126.90977,37.53334],[126.90968,37.53335],[126.90967,37.53335],[126.90957,37.53336],[126.90941,37.53339],[126.9093,37.53342],[126.90922,37.53348],[126.90928,37.53348],[126.90942,37.53352],[126.90948,37.53352],[126.90951,37.53352],[126.90962,37.53358],[126.90974,37.53367],[126.90974,37.53367],[126.9098,37.53375],[126.90984,37.53384],[126.9099,37.53407],[126.90992,37.53421],[126.90994,37.53433],[126.90997,37.53448],[126.91003,37.53489],[126.91013,37.53513],[126.91027,37.53531],[126.91034,37.53539],[126.91049,37.5355],[126.91058,37.53557],[126.91091,37.53573],[126.91119,37.53581],[126.91144,37.53585],[126.91164,37.53585],[126.91188,37.53581],[126.91487,37.53526],[126.91574,37.5351],[126.91593,37.53507],[126.9161,37.53504],[126.91615,37.53503],[126.91649,37.53497],[126.91984,37.53429],[126.92022,37.53422],[126.92044,37.53418],[126.92049,37.53417],[126.92129,37.53402],[126.92159,37.53395]]]}},{"type":"Feature","properties":{"cd":"POI106","nm":"월드컵공원","cat":"공원","lon":126.884201,"lat":37.570188},"geometry":{"type":"Polygon","coordinates":[[[126.86577,37.57535],[126.86739,37.57682],[126.86849,37.57762],[126.86957,37.57808],[126.87651,37.58002],[126.87703,37.57978],[126.88305,37.5762],[126.88314,37.57611],[126.88773,37.57335],[126.88884,37.5722],[126.89044,37.57022],[126.89363,37.56767],[126.89971,37.57438],[126.89924,37.566],[126.89916,37.56461],[126.8991,37.56356],[126.8991,37.56355],[126.89908,37.5633],[126.89905,37.56311],[126.89901,37.56296],[126.89894,37.56276],[126.89893,37.56272],[126.8989,37.56267],[126.89889,37.56265],[126.89885,37.56259],[126.89879,37.56252],[126.89625,37.56142],[126.89282,37.55995],[126.8924,37.55976],[126.89232,37.55976],[126.89222,37.55979],[126.89207,37.55987],[126.89202,37.55989],[126.89165,37.5601],[126.89158,37.56014],[126.89111,37.56041],[126.89091,37.56053],[126.88999,37.56108],[126.88984,37.56117],[126.88956,37.56133],[126.88956,37.56133],[126.889,37.56166],[126.88884,37.56175],[126.88873,37.56181],[126.88822,37.56216],[126.88769,37.56248],[126.88761,37.56253],[126.88673,37.56301],[126.88513,37.56394],[126.8828,37.56531],[126.88194,37.5658],[126.88173,37.56593],[126.8812,37.56624],[126.88081,37.56648],[126.88061,37.56659],[126.88011,37.56686],[126.87887,37.56759],[126.87712,37.56862],[126.87627,37.56913],[126.87528,37.56971],[126.87462,37.57008],[126.87459,37.5701],[126.86577,37.57535]]]}},{"type":"Feature","properties":{"cd":"POI107","nm":"응봉산","cat":"공원","lon":127.030467,"lat":37.548215},"geometry":{"type":"Polygon","coordinates":[[[127.02477,37.54475],[127.02454,37.54506],[127.02553,37.54719],[127.02577,37.54777],[127.026,37.54788],[127.02645,37.54788],[127.02709,37.54791],[127.0279,37.54838],[127.0315,37.55023],[127.03192,37.55059],[127.03223,37.551],[127.0329,37.55261],[127.03425,37.55445],[127.03517,37.55119],[127.03565,37.54977],[127.03301,37.54745],[127.03112,37.54586],[127.02855,37.54498],[127.02542,37.54387],[127.02542,37.54387],[127.02477,37.54475]]]}},{"type":"Feature","properties":{"cd":"POI108","nm":"이촌한강공원","cat":"공원","lon":126.96665,"lat":37.519401},"geometry":{"type":"Polygon","coordinates":[[[126.95225,37.53041],[126.95286,37.52986],[126.95286,37.52916],[126.95273,37.5277],[126.95321,37.52576],[126.95404,37.52468],[126.95548,37.5236],[126.95627,37.52284],[126.9574,37.52232],[126.95906,37.52218],[126.96019,37.52197],[126.96137,37.52156],[126.97158,37.51756],[126.97346,37.51708],[126.97446,37.51676],[126.97568,37.51645],[126.97699,37.51624],[126.97804,37.516],[126.97922,37.51597],[126.98005,37.51593],[126.98131,37.516],[126.98297,37.51597],[126.98301,37.51544],[126.98271,37.51444],[126.98205,37.51444],[126.98127,37.51444],[126.98009,37.5144],[126.97891,37.5144],[126.978,37.51465],[126.97656,37.51471],[126.97446,37.51513],[126.97224,37.51575],[126.96896,37.51704],[126.9612,37.52034],[126.95963,37.52083],[126.95849,37.52121],[126.95801,37.52135],[126.9574,37.52148],[126.95666,37.52148],[126.95583,37.52159],[126.95496,37.52183],[126.95439,37.52228],[126.9536,37.52301],[126.95286,37.5243],[126.95264,37.52503],[126.95242,37.52562],[126.95225,37.52666],[126.95216,37.52711],[126.95216,37.52739],[126.95216,37.52791],[126.95216,37.52836],[126.95216,37.52868],[126.95194,37.52899],[126.95107,37.52975],[126.95225,37.53041]]]}},{"type":"Feature","properties":{"cd":"POI109","nm":"잠실종합운동장","cat":"공원","lon":127.073649,"lat":37.514522},"geometry":{"type":"Polygon","coordinates":[[[127.0721,37.51806],[127.07386,37.51781],[127.07601,37.51735],[127.07692,37.51675],[127.07814,37.51201],[127.07083,37.51083],[127.07071,37.51091],[127.07011,37.51532],[127.06974,37.51708],[127.06989,37.51756],[127.07002,37.51776],[127.07059,37.51796],[127.07122,37.51803],[127.0721,37.51806]]]}},{"type":"Feature","properties":{"cd":"POI110","nm":"잠실한강공원","cat":"공원","lon":127.084297,"lat":37.519234},"geometry":{"type":"Polygon","coordinates":[[[127.06917,37.52027],[127.0801,37.51848],[127.08203,37.5184],[127.08436,37.5185],[127.08609,37.5188],[127.08685,37.5189],[127.08814,37.51903],[127.08924,37.51918],[127.0905,37.51945],[127.0917,37.5197],[127.09362,37.52058],[127.09432,37.52101],[127.09593,37.52186],[127.09772,37.52278],[127.09829,37.52314],[127.0993,37.52346],[127.10192,37.52376],[127.10188,37.52356],[127.10091,37.52301],[127.09624,37.52043],[127.09419,37.51942],[127.08889,37.51762],[127.0876,37.51732],[127.08335,37.51697],[127.08262,37.51702],[127.07966,37.51707],[127.07639,37.5177],[127.0755,37.51798],[127.07276,37.51851],[127.06788,37.51859],[127.06769,37.51989],[127.06769,37.52014],[127.06775,37.5202],[127.06813,37.5204],[127.06917,37.52027]]]}},{"type":"Feature","properties":{"cd":"POI111","nm":"잠원한강공원","cat":"공원","lon":127.014727,"lat":37.52381},"geometry":{"type":"Polygon","coordinates":[[[127.02121,37.53022],[127.02357,37.53218],[127.02372,37.53178],[127.02353,37.53146],[127.0226,37.53027],[127.02217,37.52957],[127.0217,37.52891],[127.02117,37.52799],[127.02047,37.52721],[127.01601,37.52462],[127.01571,37.52434],[127.01571,37.52434],[127.01473,37.52343],[127.01402,37.52292],[127.01236,37.52069],[127.01129,37.51958],[127.01062,37.51894],[127.00997,37.51843],[127.0078,37.51649],[127.00631,37.51756],[127.00624,37.51761],[127.00642,37.51763],[127.00661,37.51777],[127.00668,37.51783],[127.00669,37.51783],[127.00682,37.51794],[127.00721,37.51829],[127.00783,37.51884],[127.00796,37.51896],[127.00905,37.51989],[127.01027,37.52099],[127.01122,37.52181],[127.01251,37.52302],[127.01305,37.52343],[127.01511,37.52518],[127.02015,37.52938],[127.02121,37.53022],[127.02121,37.53022]]]}},{"type":"Feature","properties":{"cd":"POI114","nm":"북창동 먹자골목","cat":"발달상권","lon":126.978496,"lat":37.562263},"geometry":{"type":"Polygon","coordinates":[[[126.97601,37.56067],[126.97602,37.56068],[126.97601,37.56079],[126.97606,37.56088],[126.97669,37.56255],[126.97728,37.56404],[126.97777,37.56394],[126.97811,37.56387],[126.97947,37.56405],[126.98155,37.56177],[126.98112,37.56157],[126.97797,37.56086],[126.97605,37.56032],[126.97608,37.56056],[126.97601,37.56067]]]}},{"type":"Feature","properties":{"cd":"POI115","nm":"남대문시장","cat":"발달상권","lon":126.97853,"lat":37.559916},"geometry":{"type":"Polygon","coordinates":[[[126.97605,37.56032],[126.97796,37.56085],[126.98109,37.56157],[126.98156,37.56176],[126.98213,37.56073],[126.9819,37.56066],[126.98196,37.56053],[126.98195,37.56046],[126.9816,37.56032],[126.98116,37.56001],[126.98107,37.56007],[126.9804,37.55985],[126.98017,37.55986],[126.98001,37.55986],[126.97984,37.5596],[126.97959,37.55954],[126.97908,37.55936],[126.97862,37.55911],[126.97822,37.55877],[126.97781,37.55832],[126.97739,37.55802],[126.97714,37.5579],[126.97651,37.55768],[126.97617,37.55844],[126.97583,37.55873],[126.97565,37.55893],[126.97563,37.55912],[126.97564,37.55927],[126.9758,37.55947],[126.97594,37.55963],[126.97604,37.55986],[126.97599,37.56022],[126.97605,37.56032]]]}},{"type":"Feature","properties":{"cd":"POI116","nm":"익선동","cat":"발달상권","lon":126.989628,"lat":37.572661},"geometry":{"type":"Polygon","coordinates":[[[126.98853,37.57543],[126.99061,37.57567],[126.99208,37.57084],[126.99213,37.57046],[126.9877,37.57019],[126.98765,37.57163],[126.98788,37.57303],[126.98767,37.57351],[126.98726,37.57418],[126.98787,37.57439],[126.98788,37.57454],[126.98818,37.5746],[126.98818,37.57468],[126.98835,37.57471],[126.98836,37.57473],[126.98865,37.57475],[126.98853,37.57543]]]}},{"type":"Feature","properties":{"cd":"POI127","nm":"올림픽공원","cat":"공원","lon":127.122411,"lat":37.519408},"geometry":{"type":"Polygon","coordinates":[[[127.11584,37.5167],[127.11565,37.51642],[127.11279,37.51746],[127.11755,37.52525],[127.11781,37.52532],[127.11792,37.5253],[127.11809,37.52528],[127.11826,37.52526],[127.11843,37.52524],[127.11845,37.52524],[127.1186,37.52524],[127.11866,37.52524],[127.11877,37.52523],[127.11882,37.52524],[127.1189,37.52524],[127.11894,37.52524],[127.11906,37.52525],[127.1191,37.52525],[127.11928,37.52527],[127.11944,37.52529],[127.1196,37.52532],[127.11976,37.52536],[127.11997,37.52542],[127.12064,37.52561],[127.12074,37.52564],[127.12094,37.5257],[127.12115,37.52575],[127.12135,37.52581],[127.12147,37.52583],[127.12147,37.52583],[127.12153,37.52584],[127.12165,37.52586],[127.1217,37.52587],[127.12187,37.52589],[127.12204,37.52591],[127.1222,37.52591],[127.12238,37.52591],[127.12255,37.5259],[127.12272,37.52589],[127.12274,37.52588],[127.12281,37.52587],[127.12282,37.52587],[127.12294,37.52584],[127.12294,37.52583],[127.12295,37.52583],[127.12295,37.52583],[127.12296,37.52583],[127.12296,37.52583],[127.123,37.52581],[127.12868,37.5233],[127.12776,37.52307],[127.12797,37.52201],[127.12797,37.522],[127.12858,37.52107],[127.12874,37.52069],[127.12878,37.5206],[127.12889,37.52035],[127.12893,37.52028],[127.129,37.52012],[127.12906,37.51994],[127.12912,37.51975],[127.12918,37.51945],[127.12931,37.51874],[127.12935,37.51861],[127.12941,37.51845],[127.12949,37.51831],[127.12959,37.51818],[127.12965,37.51812],[127.12966,37.51811],[127.12971,37.51806],[127.12984,37.51796],[127.12998,37.51787],[127.13041,37.51767],[127.13095,37.51743],[127.12792,37.51246],[127.12786,37.51242],[127.12774,37.51237],[127.12768,37.51236],[127.12762,37.51234],[127.12756,37.51234],[127.1275,37.51233],[127.12743,37.51233],[127.12742,37.51233],[127.12311,37.5141],[127.11584,37.5167]]]}},{"type":"Feature","properties":{"cd":"POI117","nm":"신정네거리역","cat":"인구밀집지역","lon":126.855279,"lat":37.521307},"geometry":{"type":"Polygon","coordinates":[[[126.85184,37.52204],[126.8596,37.52291],[126.85964,37.52249],[126.85987,37.52134],[126.8548,37.52077],[126.85445,37.52038],[126.85441,37.52035],[126.85432,37.5203],[126.85402,37.52016],[126.85408,37.5193],[126.85352,37.51917],[126.85362,37.51898],[126.85268,37.5187],[126.85238,37.5194],[126.85204,37.52019],[126.85197,37.52023],[126.85156,37.52075],[126.85209,37.52124],[126.85205,37.52161],[126.85184,37.52204]]]}},{"type":"Feature","properties":{"cd":"POI118","nm":"잠실새내역","cat":"인구밀집지역","lon":127.082656,"lat":37.510413},"geometry":{"type":"Polygon","coordinates":[[[127.07837,37.51188],[127.07831,37.51212],[127.0787,37.51218],[127.08193,37.51204],[127.08188,37.51223],[127.0819,37.5123],[127.08879,37.51218],[127.08892,37.51134],[127.08859,37.51134],[127.08798,37.51133],[127.08677,37.51138],[127.08597,37.51141],[127.08589,37.51135],[127.08617,37.51031],[127.08638,37.50982],[127.0865,37.5096],[127.08669,37.50935],[127.08643,37.50924],[127.08346,37.50874],[127.08354,37.50839],[127.07932,37.50776],[127.07837,37.51188]]]}},{"type":"Feature","properties":{"cd":"POI119","nm":"잠실역","cat":"인구밀집지역","lon":127.100366,"lat":37.511997},"geometry":{"type":"Polygon","coordinates":[[[127.09475,37.51191],[127.09562,37.51199],[127.09592,37.51203],[127.09612,37.51206],[127.09617,37.51207],[127.09642,37.51212],[127.09898,37.51275],[127.10116,37.51339],[127.1012,37.5134],[127.1012,37.51341],[127.10522,37.51477],[127.10608,37.51317],[127.10614,37.51304],[127.10229,37.51124],[127.10147,37.51086],[127.10006,37.51019],[127.0992,37.50996],[127.0987,37.50985],[127.09789,37.50983],[127.0975,37.50986],[127.09751,37.51006],[127.09481,37.51026],[127.09475,37.51191]]]}},{"type":"Feature","properties":{"cd":"POI120","nm":"잠실롯데타워·석촌호수","cat":"발달상권","lon":127.103306,"lat":37.511559},"geometry":{"type":"Polygon","coordinates":[[[127.09307,37.51051],[127.09272,37.5115],[127.09291,37.51172],[127.09562,37.51199],[127.09592,37.51203],[127.09612,37.51206],[127.09617,37.51207],[127.09642,37.51212],[127.09898,37.51275],[127.10116,37.51339],[127.1012,37.5134],[127.1012,37.51341],[127.10156,37.51353],[127.10515,37.51475],[127.10619,37.51511],[127.107,37.51538],[127.11185,37.51703],[127.11227,37.51717],[127.11256,37.51717],[127.11279,37.51746],[127.11565,37.51642],[127.11458,37.51469],[127.11182,37.51577],[127.11033,37.51526],[127.1105,37.51484],[127.11034,37.51457],[127.11004,37.51469],[127.10917,37.5144],[127.10967,37.51325],[127.10857,37.51156],[127.10905,37.51137],[127.10887,37.51108],[127.10804,37.51142],[127.1045,37.50865],[127.10479,37.50833],[127.10465,37.50822],[127.10286,37.50747],[127.09968,37.50612],[127.09852,37.50595],[127.09722,37.50584],[127.09729,37.50671],[127.09751,37.51006],[127.09329,37.51037],[127.09307,37.51051]]]}},{"type":"Feature","properties":{"cd":"POI121","nm":"송리단길·호수단길","cat":"발달상권","lon":127.106315,"lat":37.508047},"geometry":{"type":"Polygon","coordinates":[[[127.09722,37.50584],[127.09731,37.50635],[127.09758,37.50638],[127.09838,37.50633],[127.09878,37.50633],[127.0996,37.50649],[127.10053,37.50679],[127.10279,37.50778],[127.10327,37.50813],[127.10411,37.50867],[127.10714,37.51101],[127.10834,37.51192],[127.11224,37.51033],[127.11043,37.50772],[127.10738,37.50977],[127.10814,37.51048],[127.10748,37.51085],[127.10654,37.51012],[127.10689,37.50987],[127.10498,37.50839],[127.10479,37.50833],[127.10734,37.50553],[127.10675,37.50519],[127.10555,37.50463],[127.10402,37.50416],[127.10218,37.50711],[127.09968,37.50612],[127.09852,37.50595],[127.09722,37.50584]]]}},{"type":"Feature","properties":{"cd":"POI122","nm":"신촌 스타광장","cat":"발달상권","lon":126.936931,"lat":37.556509},"geometry":{"type":"Polygon","coordinates":[[[126.9363,37.55769],[126.93741,37.55769],[126.93788,37.55724],[126.93754,37.557],[126.9375,37.55599],[126.93784,37.5555],[126.9371,37.55536],[126.9367,37.55534],[126.93597,37.5555],[126.9363,37.55599],[126.9363,37.55769]]]}},{"type":"Feature","properties":{"cd":"POI123","nm":"보라매공원","cat":"공원","lon":126.920058,"lat":37.492963},"geometry":{"type":"Polygon","coordinates":[[[126.9179,37.49588],[126.91854,37.496],[126.91952,37.49618],[126.9197,37.49616],[126.91982,37.49611],[126.9201,37.49582],[126.92031,37.49563],[126.92058,37.49544],[126.92091,37.49532],[126.92121,37.49524],[126.92152,37.49522],[126.92203,37.4952],[126.92217,37.49511],[126.92262,37.49506],[126.92309,37.49492],[126.92353,37.49512],[126.92372,37.495],[126.92374,37.49473],[126.92338,37.4931],[126.92412,37.493],[126.92406,37.49274],[126.92335,37.49285],[126.92279,37.49052],[126.92166,37.49073],[126.921,37.49079],[126.92065,37.4908],[126.92043,37.49078],[126.91931,37.4906],[126.91905,37.4906],[126.91766,37.49085],[126.91755,37.49083],[126.91745,37.49076],[126.91654,37.49057],[126.9163,37.49059],[126.91625,37.49066],[126.91595,37.49072],[126.91578,37.49078],[126.91566,37.49093],[126.91557,37.49114],[126.91561,37.49137],[126.91571,37.49162],[126.91592,37.49183],[126.91629,37.49199],[126.91647,37.49213],[126.91652,37.49229],[126.91653,37.49306],[126.9168,37.49319],[126.91777,37.49319],[126.91798,37.49339],[126.91835,37.49363],[126.91841,37.49367],[126.91851,37.4938],[126.9185,37.49394],[126.91829,37.4943],[126.91833,37.49451],[126.9179,37.49588]]]}},{"type":"Feature","properties":{"cd":"POI124","nm":"서대문독립공원","cat":"공원","lon":126.956605,"lat":37.574091},"geometry":{"type":"Polygon","coordinates":[[[126.95572,37.57679],[126.95609,37.57634],[126.95645,37.57594],[126.95672,37.57566],[126.9599,37.57278],[126.95986,37.5726],[126.95984,37.57247],[126.96004,37.57226],[126.95979,37.57213],[126.95957,37.57197],[126.95939,37.57181],[126.95896,37.57161],[126.95888,37.57172],[126.95868,37.57192],[126.9586,37.57205],[126.95852,37.57216],[126.95846,37.57229],[126.95845,37.57238],[126.95842,37.57248],[126.95835,37.57253],[126.95805,37.57271],[126.95789,37.57278],[126.95775,37.57282],[126.9576,37.57281],[126.95754,37.57278],[126.95742,37.57269],[126.95724,37.57258],[126.957,37.57256],[126.95682,37.57259],[126.95672,37.57262],[126.95664,37.57265],[126.95638,37.57268],[126.95536,37.57273],[126.95497,37.5728],[126.9547,37.57291],[126.95461,37.57295],[126.9544,37.57332],[126.95387,37.57323],[126.95507,37.574],[126.95388,37.57515],[126.95379,37.57523],[126.95411,37.57557],[126.95428,37.57576],[126.95484,37.57628],[126.95503,37.57642],[126.95537,37.57661],[126.95572,37.57679]]]}},{"type":"Feature","properties":{"cd":"POI125","nm":"안양천","cat":"공원","lon":126.879697,"lat":37.518667},"geometry":{"type":"Polygon","coordinates":[[[126.87855,37.52394],[126.88117,37.52353],[126.88125,37.52348],[126.88134,37.52341],[126.88146,37.5227],[126.88161,37.52172],[126.88179,37.52012],[126.88213,37.5179],[126.88209,37.51733],[126.88206,37.51692],[126.88197,37.51657],[126.88174,37.51597],[126.88132,37.51523],[126.88109,37.51496],[126.88097,37.51476],[126.87986,37.51367],[126.87901,37.51416],[126.87701,37.51483],[126.87708,37.51501],[126.87712,37.51517],[126.87713,37.51538],[126.8773,37.51689],[126.87746,37.51829],[126.87752,37.51884],[126.87758,37.51934],[126.87769,37.51969],[126.87773,37.51982],[126.87779,37.51997],[126.87789,37.52022],[126.87804,37.52053],[126.87821,37.52082],[126.87843,37.52128],[126.87849,37.52155],[126.8785,37.52172],[126.87849,37.52193],[126.87852,37.52205],[126.87851,37.5222],[126.87821,37.52393],[126.87825,37.52398],[126.87855,37.52394]]]}},{"type":"Feature","properties":{"cd":"POI128","nm":"홍제폭포","cat":"공원","lon":126.936953,"lat":37.580779},"geometry":{"type":"Polygon","coordinates":[[[126.93601,37.58029],[126.9365,37.58048],[126.93692,37.58156],[126.93786,37.58157],[126.93785,37.5814],[126.93761,37.58082],[126.93741,37.58057],[126.93725,37.58041],[126.93698,37.58027],[126.93676,37.58016],[126.93645,37.57999],[126.93603,37.57975],[126.93601,37.58029]]]}},{"type":"Feature","properties":{"cd":"POI129","nm":"송현녹지광장","cat":"공원","lon":126.983711,"lat":37.577857},"geometry":{"type":"Polygon","coordinates":[[[126.98159,37.57977],[126.98188,37.5797],[126.98221,37.57959],[126.9822,37.57952],[126.98252,37.5795],[126.98295,37.57948],[126.98378,37.57943],[126.98496,37.5793],[126.98513,37.57905],[126.98535,37.57914],[126.98566,37.57921],[126.9862,37.5793],[126.98643,37.57933],[126.98676,37.57935],[126.98772,37.57935],[126.9883,37.57935],[126.98881,37.57933],[126.9893,37.57927],[126.98924,37.57892],[126.98932,37.57741],[126.98795,37.57735],[126.98748,37.57735],[126.98714,37.57728],[126.98664,37.57708],[126.98476,37.57616],[126.98403,37.57589],[126.98344,37.57567],[126.98287,37.57559],[126.98246,37.57561],[126.98202,37.57566],[126.98122,37.5758],[126.98039,37.57591],[126.98006,37.57592],[126.97961,37.57589],[126.97961,37.57616],[126.97959,37.57643],[126.97955,37.57772],[126.97962,37.57899],[126.97967,37.57923],[126.97992,37.58006],[126.98026,37.58],[126.98104,37.57988],[126.98159,37.57977]]]}},{"type":"Feature","properties":{"cd":"POI130","nm":"시의회 앞","cat":"인구밀집지역","lon":126.976938,"lat":37.567068},"geometry":{"type":"Polygon","coordinates":[[[126.97579,37.57035],[126.9781,37.57034],[126.97808,37.56372],[126.97577,37.56386],[126.97579,37.57035]]]}},{"type":"Feature","properties":{"cd":"POI131","nm":"숭례문","cat":"인구밀집지역","lon":126.97573,"lat":37.560486},"geometry":{"type":"Polygon","coordinates":[[[126.97559,37.56279],[126.97735,37.56296],[126.97764,37.56083],[126.97737,37.56019],[126.97727,37.55861],[126.97591,37.55846],[126.975,37.55804],[126.97412,37.55853],[126.97401,37.55944],[126.97324,37.5604],[126.97559,37.56279]]]}},{"type":"Feature","properties":{"cd":"POI009","nm":"광화문·덕수궁","cat":"고궁·문화유산","lon":126.977187,"lat":37.570931},"geometry":{"type":"Polygon","coordinates":[[[126.97396,37.57751],[126.98244,37.57751],[126.98255,37.57679],[126.98307,37.57578],[126.98298,37.5756],[126.9829,37.57542],[126.98227,37.57547],[126.98129,37.5756],[126.97936,37.57427],[126.98013,37.57248],[126.97933,37.57243],[126.97921,37.56586],[126.97868,37.56489],[126.9796,37.56388],[126.97879,37.56382],[126.97882,37.56332],[126.97902,37.56272],[126.97793,37.56287],[126.97734,37.56282],[126.97732,37.56297],[126.97686,37.56308],[126.97522,37.56328],[126.97488,37.5648],[126.97409,37.56475],[126.97393,37.56481],[126.97349,37.56522],[126.97351,37.56663],[126.97325,37.56755],[126.97424,37.56869],[126.97441,37.57036],[126.97504,37.57036],[126.97396,37.57751]]]}},{"type":"Feature","properties":{"cd":"POI126","nm":"여의서로","cat":"공원","lon":126.914585,"lat":37.532701},"geometry":{"type":"Polygon","coordinates":[[[126.91401,37.52739],[126.91206,37.52644],[126.9118,37.52683],[126.9112,37.52851],[126.91085,37.53025],[126.91066,37.53137],[126.91006,37.53233],[126.91003,37.53283],[126.91006,37.53358],[126.90981,37.53451],[126.91028,37.53544],[126.91059,37.53569],[126.91147,37.53604],[126.91318,37.53574],[126.91365,37.53547],[126.91567,37.53524],[126.92062,37.53434],[126.92275,37.53395],[126.92123,37.53203],[126.92083,37.53169],[126.91944,37.53213],[126.91806,37.53258],[126.91713,37.53287],[126.91625,37.53302],[126.91521,37.53311],[126.91439,37.53311],[126.91382,37.53301],[126.91342,37.53288],[126.91298,37.53269],[126.91269,37.53244],[126.91255,37.53224],[126.91245,37.53199],[126.91236,37.53166],[126.9124,37.53115],[126.91253,37.5307],[126.91271,37.5302],[126.91293,37.5297],[126.91323,37.52898],[126.91337,37.52869],[126.91358,37.52828],[126.91401,37.52739]]]}}]}